code,year,taxable_income,taxpayers,farmland,mfg_shipment,mfg_estab,mfg_workers
03000,2010,1303693847,504658,153900,2099077,2353,87736
03000,2011,1283491264,498385,152700,1911917,2211,81154
03000,2012,1272447206,489891,152600,2229565,2206,81870
03000,2013,1330773557,510640,152000,2267151,2148,82077
03000,2014,1371497119,517405,151500,2270696,2130,82600
03000,2015,1382209949,520120,151100,2366978,,
03000,2016,1429066296,532005,150800,2371678,2281,84546
03000,2017,1460469707,537647,150500,2525650,2081,85282
03000,2018,1483560635,542075,150100,2727177,2087,86662
03000,2019,1499962437,544397,149800,2626206,2087,87940
03000,2020,1509772572,545043,149500,2494299,2055,87639
03000,2021,1549185430,543952,149300,2713266,1866,84349
03000,2022,1554903863,539402,148700,3112393,2114,85720
03000,2023,1570936991,540073,147100,3124685,2126,86593
03000,2024,1548533148,501567,146000,,2114,86083
03201,2010,377577112,125440,9050,104154,180,6097
03201,2011,373808057,125321,8950,104567,190,6018
03201,2012,379475047,126810,8920,101717,182,6034
03201,2013,390725374,130050,8900,98487,168,5763
03201,2014,405057451,131379,8860,101077,173,5734
03201,2015,403847652,132147,8790,150186,,
03201,2016,415424539,133991,8770,119299,204,6409
03201,2017,424639087,135096,8750,119627,155,5858
03201,2018,428687005,135936,8720,122888,157,5945
03201,2019,433045231,136736,8710,125545,154,5898
03201,2020,436595032,137376,8670,110407,146,5565
03201,2021,446664504,137294,8650,115976,146,5191
03201,2022,449732175,137349,8600,122705,190,5244
03201,2023,453549477,137759,8480,132635,192,5484
03201,2024,454856057,130029,8390,,190,5471
03202,2010,51384632,21010,2260,77141,130,3387
03202,2011,50518082,20901,2180,59197,113,2879
03202,2012,45407713,18275,2180,61148,111,2764
03202,2013,49594399,19478,2180,69728,109,2796
03202,2014,53035590,20640,2150,74759,110,2816
03202,2015,54749592,20953,2150,75200,,
03202,2016,56516362,21523,2130,74882,122,2805
03202,2017,57100608,21663,2140,77632,106,2784
03202,2018,57820352,22014,2060,76568,104,2704
03202,2019,57648802,21686,2030,74847,108,2649
03202,2020,55329053,21274,2030,74364,109,2682
03202,2021,55551907,20894,2020,80100,92,2493
03202,2022,54949082,20288,1990,79049,101,2464
03202,2023,54459225,20041,1960,63820,100,2460
03202,2024,51884602,18077,1940,,100,2365
03203,2010,36449362,14748,933,54692,116,2680
03203,2011,34520770,14261,847,19357,79,1477
03203,2012,27486902,10975,818,51981,94,2094
03203,2013,34259274,13170,798,77007,99,2424
03203,2014,37414203,14421,748,75605,99,2526
03203,2015,39694628,15075,747,77318,,
03203,2016,41060991,15403,731,67427,107,2546
03203,2017,43875248,15741,702,71628,100,2527
03203,2018,42726402,15843,712,67908,98,2597
03203,2019,42481412,15706,688,63408,98,2616
03203,2020,41703759,15442,672,55504,95,2508
03203,2021,42575420,15371,649,61237,91,2535
03203,2022,41636639,14835,634,54502,96,2406
03203,2023,40651669,14660,632,59685,97,2390
03203,2024,38932351,13298,628,,96,2402
03205,2010,95533789,39292,16000,184305,228,8223
03205,2011,95412689,39065,16000,156653,223,7506
03205,2012,97602589,39879,16000,163204,220,7903
03205,2013,100428592,40595,16000,167798,213,8053
03205,2014,100264528,40450,15900,177557,214,8104
03205,2015,100228271,40122,15900,179663,,
03205,2016,103819467,41137,15900,181174,217,7993
03205,2017,105510850,41772,15900,192933,205,8087
03205,2018,108256843,41848,15800,243750,205,8327
03205,2019,109346494,42386,15800,233516,205,8089
03205,2020,111796774,42637,15800,219262,200,8072
03205,2021,113745163,42550,15800,233482,191,8100
03205,2022,115827218,42342,15700,244238,215,8069
03205,2023,118947031,42731,15700,249494,216,8344
03205,2024,116285279,39768,15600,,215,7998
03206,2010,99584604,38137,9300,430148,252,13909
03206,2011,102404630,38420,9250,346149,253,12755
03206,2012,103715942,39040,9240,347683,254,12679
03206,2013,106978677,40233,9210,372259,240,12809
03206,2014,107871716,39981,9190,377676,232,12783
03206,2015,109352268,40342,9170,357425,,
03206,2016,114388075,41862,9150,364302,242,13447
03206,2017,116624131,42312,9130,389956,232,13719
03206,2018,119691654,42746,9120,413917,232,14077
03206,2019,124524165,43678,9110,385175,239,14957
03206,2020,129215620,44272,9090,360732,238,14830
03206,2021,132482753,44814,9070,397037,214,13837
03206,2022,137413883,45449,9060,642473,236,15908
03206,2023,141791862,46134,9030,567342,240,15896
03206,2024,140856811,43904,8990,,237,15963
03207,2010,32090564,13022,2920,43061,79,2613
03207,2011,31758748,12952,2900,35087,74,2391
03207,2012,32013402,12921,2900,36121,72,2382
03207,2013,34311575,13648,2890,40030,74,2483
03207,2014,35696800,14015,2880,38030,74,2499
03207,2015,36662944,14032,2870,44894,,
03207,2016,37578870,14342,2870,48344,75,2301
03207,2017,37847397,14182,2870,50362,70,2421
03207,2018,39135173,14369,2860,54828,68,2394
03207,2019,39252463,14447,2860,61081,67,2414
03207,2020,39088644,14439,2850,54435,68,2593
03207,2021,40590250,14500,2840,53173,69,2583
03207,2022,39792587,14126,2810,56562,73,2438
03207,2023,39598202,14002,2730,60489,72,2339
03207,2024,38266361,12809,2680,,72,2367
03208,2010,20919164,9410,7180,37646,65,2189
03208,2011,21261117,9549,7170,41126,65,2162
03208,2012,22424360,9997,7160,38618,63,2160
03208,2013,23582935,10455,7150,40314,62,2158
03208,2014,23785361,10473,7130,49847,60,2094
03208,2015,24019881,10431,7120,55173,,
03208,2016,24781968,10643,7100,57772,67,2175
03208,2017,25349136,10672,7100,71769,60,2172
03208,2018,25896154,10745,7090,73173,62,2371
03208,2019,25948409,10648,7070,66104,65,2385
03208,2020,25697553,10575,7060,61246,60,2271
03208,2021,26311998,10511,7050,80255,51,2249
03208,2022,26756058,10364,7010,90984,55,2353
03208,2023,26818745,10322,6990,77534,55,2489
03208,2024,26497391,9365,6940,,55,2254
03209,2010,104634453,42582,16300,201510,262,9985
03209,2011,103896687,42183,16300,209743,284,11100
03209,2012,112795630,45808,18500,215291,274,10596
03209,2013,117199769,47578,18400,201595,263,10704
03209,2014,118394430,47575,18300,211712,253,10795
03209,2015,118542695,47267,18300,209680,,
03209,2016,121106577,47989,18200,203595,276,11202
03209,2017,123346499,48592,18200,209161,248,10747
03209,2018,124495949,48779,18200,209486,252,10889
03209,2019,126515961,48844,18100,188417,250,10999
03209,2020,124838351,48504,18100,189493,250,10796
03209,2021,128577178,48236,18100,203197,223,10452
03209,2022,129610554,47802,18000,215864,251,10500
03209,2023,129728340,47696,18000,218575,252,10743
03209,2024,127132198,43859,17900,,249,10558
03210,2010,18674126,8111,1080,16894,45,1254
03210,2011,15898390,6947,687,5097,17,494
03210,2012,9628281,4110,674,11553,24,699
03210,2013,12873487,5327,756,13532,24,718
03210,2014,15301493,6218,837,18733,32,905
03210,2015,17425395,6738,834,17980,,
03210,2016,18412327,7150,824,19943,38,849
03210,2017,19352261,7380,829,19259,32,834
03210,2018,20124841,7827,844,20120,31,821
03210,2019,19869859,7729,823,18943,31,841
03210,2020,19437219,7687,819,14728,31,872
03210,2021,19760273,7564,814,19392,28,772
03210,2022,19101924,7391,811,20898,33,778
03210,2023,19221937,7360,802,19967,32,785
03210,2024,18634692,6631,791,,32,776
03211,2010,36573382,15066,804,110631,86,3419
03211,2011,32788783,13385,749,93238,58,2827
03211,2012,28930581,11223,748,107029,71,3351
03211,2013,32218930,12555,749,113754,71,3216
03211,2014,34217259,13209,752,110791,66,3111
03211,2015,36403245,13656,765,114729,,
03211,2016,37339366,14052,763,111310,70,3026
03211,2017,38598558,14316,762,124649,63,3249
03211,2018,39879006,14615,760,129600,67,3540
03211,2019,38780557,14321,759,118258,68,3477
03211,2020,37689139,13965,758,105824,67,3441
03211,2021,38054503,13704,757,132935,59,3424
03211,2022,37146415,13407,749,158070,67,2905
03211,2023,37450172,13291,719,147005,68,2902
03211,2024,36092285,12169,711,,68,2899
03213,2010,25315884,10689,4610,36272,64,2576
03213,2011,24735381,10615,4600,31143,66,2577
03213,2012,24767769,10704,4600,36730,59,2655
03213,2013,25444557,11019,4570,35014,48,2383
03213,2014,25861126,11034,4530,37459,50,2278
03213,2015,26228711,11045,4530,33872,,
03213,2016,27219634,11199,4480,36351,58,2289
03213,2017,27516045,11218,4480,23537,46,2191
03213,2018,27810954,11222,4470,23894,45,2167
03213,2019,27762028,11275,4470,24083,42,2074
03213,2020,28114305,11350,4460,21151,41,2115
03213,2021,29023390,11132,4450,22702,35,1921
03213,2022,29149047,10963,4400,22779,40,1981
03213,2023,29332339,10948,4220,23452,40,2021
03213,2024,28417631,10054,4200,,40,1990
03214,2010,22460201,9804,9500,32002,60,1989
03214,2011,21794794,9677,9410,26813,56,2052
03214,2012,22438123,9912,9400,30217,59,2164
03214,2013,23222851,10197,9300,27347,56,1983
03214,2014,23136230,10089,9270,28276,58,2018
03214,2015,22794651,9799,9270,34383,,
03214,2016,23781401,10092,9260,32564,60,2077
03214,2017,24518815,10118,9240,31510,56,2083
03214,2018,24819566,10197,9230,32931,57,2154
03214,2019,24979214,10225,9220,31768,58,2113
03214,2020,25124800,10240,9220,27881,61,2188
03214,2021,25884987,10107,9180,31818,51,1993
03214,2022,25511284,9881,9100,36558,58,2078
03214,2023,25777115,9854,8920,37690,58,2000
03214,2024,25677694,8981,8750,,57,2001
03215,2010,118215286,47137,20000,170153,285,9438
03215,2011,116949626,46731,19900,229169,292,8719
03215,2012,119648633,47782,20000,198205,287,9299
03215,2013,123729850,49381,20000,172556,287,9174
03215,2014,124035412,49227,19900,206969,285,9425
03215,2015,122737015,48712,19900,237704,,
03215,2016,126674466,49861,19900,259639,288,9310
03215,2017,129370367,50418,19900,260036,288,10106
03215,2018,132306176,50703,19900,335355,283,10076
03215,2019,133831463,50834,19800,338837,278,10299
03215,2020,136558851,51370,19800,330917,269,10227
03215,2021,139661853,51267,19800,339514,243,9777
03215,2022,140766056,50749,19800,339682,261,9922
03215,2023,144221388,51052,19800,354461,263,9770
03215,2024,141748608,47497,19700,,262,10005
03216,2014,61615719,24305,3470,31517,43,1569
03216,2015,62733497,24425,3460,29570,,
03216,2016,64391929,24854,3460,41849,50,1623
03216,2017,66107874,25293,3450,36130,47,1798
03216,2018,67296522,25461,3420,40100,45,1971
03216,2019,69211542,25918,3410,38546,45,1945
03216,2020,71455238,26271,3410,38999,45,1993
03216,2021,74320595,26371,3410,41904,42,1922
03216,2022,74028171,26463,3410,48323,48,1824
03216,2023,74566383,26655,3340,41389,49,1732
03216,2024,74881083,24997,3300,,49,1797
03301,2010,15011482,6694,6050,28402,28,1226
03301,2011,14678119,6528,6050,28288,26,1239
03301,2012,15170838,6641,6050,31126,27,1202
03301,2013,15623015,6875,6040,31374,25,1202
03301,2014,15545988,6780,6020,33542,24,1219
03301,2015,15384933,6670,6040,39404,,
03301,2016,16038829,6832,6040,36631,29,1355
03301,2017,16368661,6889,6020,40669,26,1295
03301,2018,16467773,6921,6020,39220,27,1171
03301,2019,16609725,6856,6020,42760,24,1183
03301,2020,16774669,6848,6000,42904,25,1195
03301,2021,17479622,6722,6000,45373,18,1138
03301,2022,17058559,6527,6000,48585,23,1155
03301,2023,17157512,6592,5950,50610,23,1243
03301,2024,16749945,6023,5880,,23,1237
03302,2010,4854617,2208,3830,8019,15,275
03302,2011,4791076,2253,3820,4457,12,203
03302,2012,4732845,2209,3810,7544,14,274
03302,2013,4852254,2300,3810,8018,14,274
03302,2014,4908432,2267,3810,8682,14,262
03302,2015,5083453,2275,3800,8224,,
03302,2016,5055622,2276,3790,7803,15,253
03302,2017,5071231,2255,3790,9444,15,250
03302,2018,5125041,2238,3780,9627,14,254
03302,2019,5157748,2186,3780,9095,14,248
03302,2020,5061973,2167,3780,10253,13,238
03302,2021,5135672,2128,3770,8071,13,226
03302,2022,5054858,2097,3750,8567,14,229
03302,2023,5084308,2031,3670,9467,14,238
03302,2024,4716140,1804,3660,,14,238
03303,2010,11785527,5065,4870,15336,21,1053
03303,2011,11446166,4995,4860,14389,21,898
03303,2012,11515058,5080,4830,13680,20,1016
03303,2013,11699750,5173,4820,14926,20,990
03303,2014,12014179,5215,4820,15911,20,982
03303,2015,12164601,5181,4820,16806,,
03303,2016,12835636,5304,4820,16077,21,906
03303,2017,13515850,5309,4810,16952,17,938
03303,2018,12850010,5221,4810,18239,17,913
03303,2019,12824180,5273,4810,16320,18,970
03303,2020,12664777,5177,4810,17288,18,931
03303,2021,13141965,5152,4800,21885,19,950
03303,2022,12671594,5035,4760,23720,23,949
03303,2023,12330267,4829,4660,22775,23,920
03303,2024,12183373,4483,4610,,23,944
03305,2010,57095470,22387,3500,31520,45,1854
03305,2011,56865210,22619,3490,38854,51,1895
03305,2012,57947394,22991,3490,31426,44,1650
03305,2013,59885169,23898,3480,30936,43,1607
03321,2010,32432839,13040,5650,39230,49,1883
03321,2011,32297742,12959,5640,34080,46,1846
03321,2012,33048849,13334,5630,38956,50,1854
03321,2013,33699721,13630,5630,40431,47,1849
03321,2014,34159876,13575,5630,43486,44,1722
03321,2015,34125707,13541,5620,43136,,
03321,2016,35525571,14063,5620,37669,43,1677
03321,2017,36308473,14203,5620,49939,41,1611
03321,2018,36450804,14236,5610,47776,40,1564
03321,2019,37072819,14411,5600,47334,40,1642
03321,2020,37866971,14628,5600,42991,40,1636
03321,2021,40213974,14993,5590,47030,39,1324
03321,2022,40702530,14863,5550,55046,48,1437
03321,2023,41712827,15081,5450,54261,48,1474
03321,2024,40697136,13936,5380,,48,1395
03322,2010,29752316,11247,2780,17597,32,1186
03322,2011,29621264,11231,2760,19569,34,1023
03322,2012,30588825,11346,2750,16862,27,961
03322,2013,30571297,11476,2750,17189,27,895
03322,2014,34728407,11689,2730,20041,28,1087
03322,2015,31432047,11813,2730,33205,,
03322,2016,33228347,12182,2730,28852,37,1278
03322,2017,33444655,12422,2730,30128,32,1236
03322,2018,34416555,12620,2720,32509,32,1290
03322,2019,35164757,12781,2720,33854,32,1314
03322,2020,36293919,12959,2720,36624,31,1196
03322,2021,37544694,12916,2710,33088,35,1393
03322,2022,37854870,12901,2700,36512,40,1179
03322,2023,39126532,12988,2670,35052,40,1223
03322,2024,38997062,12189,2650,,40,1197
03366,2010,4979313,2195,2200,3494,15,292
03366,2011,4822944,2119,2200,3806,19,324
03366,2012,4955310,2134,2200,3875,16,298
03366,2013,5010133,2184,2180,3671,14,252
03366,2014,4911922,2101,2180,3774,14,247
03366,2015,4732189,2057,2180,3772,,
03366,2016,4937197,2080,2180,3952,13,236
03366,2017,4961812,2073,2180,4141,12,235
03366,2018,4904845,2028,2170,4179,11,238
03366,2019,5052100,2040,2170,3944,10,221
03366,2020,5099000,2036,2170,3489,10,205
03366,2021,5214918,1969,2170,3359,7,161
03366,2022,4966989,1914,2180,4122,10,128
03366,2023,4949048,1896,2170,4182,11,168
03366,2024,4746321,1694,2160,,11,160
03381,2010,14962706,6118,4900,347513,31,3973
03381,2011,15260747,5982,4890,335740,30,5306
03381,2012,15609258,6202,4890,601953,27,3969
03381,2013,16524854,6457,4890,599746,31,4571
03381,2014,16207306,6358,4880,512266,30,4809
03381,2015,16219916,6291,4870,494227,,
03381,2016,16908353,6576,4870,514378,31,4895
03381,2017,17188972,6672,4860,579899,30,5434
03381,2018,17735405,6775,4860,612338,31,5464
03381,2019,18070896,6871,4850,591117,31,5805
03381,2020,18616978,6975,4850,562962,31,6168
03381,2021,19236013,7015,4840,619675,30,6336
03381,2022,19757970,7050,4840,669095,34,6396
03381,2023,19865272,7039,4830,753750,35,6404
03381,2024,20128534,6782,4790,,35,6485
03402,2010,6845109,2953,1510,8704,17,467
03402,2011,6555508,2880,1510,9752,16,449
03402,2012,6959425,3004,1500,11261,16,460
03402,2013,7310904,3159,1500,11968,16,413
03402,2014,7104434,3040,1480,10484,15,389
03402,2015,7097491,3047,1470,14069,,
03402,2016,7267315,3031,1470,14809,17,412
03402,2017,7343912,3090,1440,13608,15,421
03402,2018,7309099,3004,1430,13424,15,429
03402,2019,7323540,3015,1430,13540,15,447
03402,2020,7243874,2962,1430,16070,14,485
03402,2021,7369209,2921,1420,17747,14,566
03402,2022,7397551,2908,1430,25157,16,573
03402,2023,7300970,2810,1420,35434,16,547
03402,2024,6930627,2552,1420,,16,557
03422,2010,6412906,2884,2260,20489,17,1169
03422,2011,6272287,2780,2260,,,
03441,2010,4301248,1943,990,11628,20,648
03441,2011,4153748,1937,990,13698,22,665
03441,2012,4460961,2010,990,11343,16,594
03441,2013,4747142,2105,988,12318,17,591
03441,2014,4872239,2188,974,12445,17,599
03441,2015,5143599,2221,965,13481,,
03441,2016,5032346,2209,965,13450,16,619
03441,2017,5199512,2219,964,13970,17,595
03441,2018,5012668,2136,961,13539,15,540
03441,2019,5130129,2116,957,12882,15,552
03441,2020,4959731,2074,953,13448,14,550
03441,2021,5092592,2056,946,15700,11,510
03441,2022,4914995,1975,936,16907,12,501
03441,2023,4928273,1899,907,17082,12,523
03441,2024,4653101,1708,899,,12,557
03461,2010,12199635,5300,416,14485,36,1151
03461,2011,10556463,4693,399,3257,14,366
03461,2012,5447392,2249,399,4543,13,357
03461,2013,6723447,2944,399,5500,22,478
03461,2014,8427383,3461,375,5834,20,412
03461,2015,10132611,3941,366,10781,,
03461,2016,10784094,4189,360,10515,24,555
03461,2017,11575128,4483,358,13608,27,604
03461,2018,12430224,4847,355,15136,29,660
03461,2019,12340733,4746,347,13371,31,693
03461,2020,11882090,4653,347,12545,31,706
03461,2021,12075173,4655,346,13915,23,621
03461,2022,11674422,4451,344,15153,27,610
03461,2023,11453136,4449,335,14480,27,616
03461,2024,11349282,4049,326,,27,631
03482,2010,13244292,5847,547,11977,40,1169
03482,2011,12067896,5435,509,8494,19,699
03482,2012,8100302,3504,515,11440,30,914
03482,2013,9694006,4170,503,13670,34,925
03482,2014,11429770,4785,489,13862,34,948
03482,2015,12590298,5163,488,15503,,
03482,2016,13849365,5483,487,15022,34,852
03482,2017,14414425,5722,473,16946,31,840
03482,2018,15225026,6055,452,17491,34,881
03482,2019,15113545,5953,433,15796,34,854
03482,2020,14656976,5826,427,14056,34,909
03482,2021,14952287,5810,434,15772,26,876
03482,2022,14586115,5665,411,14447,30,898
03482,2023,14411921,5613,416,12880,30,908
03482,2024,13721555,5069,406,,30,883
03483,2010,7060041,3121,2070,5757,26,561
03483,2011,6884160,3111,2040,6225,25,579
03483,2012,6478244,2951,2050,7725,32,636
03483,2013,6873727,3098,2050,7826,26,521
03483,2014,7108494,3209,2050,8954,28,539
03483,2015,7216316,3212,2040,10151,,
03483,2016,7730204,3341,2040,8980,31,701
03483,2017,7341873,3132,2000,9472,28,678
03483,2018,7528698,3180,2040,10584,30,641
03483,2019,7686099,3238,2020,10536,28,659
03483,2020,7663430,3222,2020,8970,27,614
03483,2021,8051817,3260,2030,10011,24,617
03483,2022,7806223,3141,2030,9686,30,663
03483,2023,7720909,3071,2010,10080,30,711
03483,2024,7304304,2713,1990,,30,724
03484,2010,2604338,1153,721,2090,10,211
03484,2011,2082857,998,720,1327,6,97
03484,2012,1962489,945,718,2300,7,180
03484,2013,2235540,1053,711,2284,7,164
03484,2014,2522969,1160,688,1891,6,151
03484,2015,2799980,1207,687,2352,,
03484,2016,2925204,1258,684,2200,6,177
03484,2017,3053415,1304,681,2725,6,110
03484,2018,3218108,1350,680,2491,8,118
03484,2019,3250382,1359,677,3063,7,117
03484,2020,3083954,1309,677,2351,8,129
03484,2021,3077401,1257,677,2470,7,111
03484,2022,2971310,1232,674,1571,10,95
03484,2023,2958027,1229,664,1617,8,89
03484,2024,2699775,1075,661,,8,86
03485,2010,2050066,887,253,1830,7,146
03485,2011,1887835,865,253,3477,8,154
03485,2012,2064214,941,253,2935,7,119
03485,2013,2239141,982,253,2287,5,113
03485,2014,2123868,966,251,3087,7,128
03485,2015,2190199,1011,250,4566,,
03485,2016,2361662,1031,247,4446,8,156
03485,2017,2493085,1064,247,5249,7,162
03485,2018,2630436,1068,247,4383,6,147
03485,2019,2654117,1065,246,3959,6,142
03485,2020,2157702,940,246,3385,6,131
03485,2021,2407645,978,246,3043,4,129
03485,2022,2185094,885,243,3428,5,114
03485,2023,2211049,893,232,3391,5,118
03485,2024,2129212,780,231,,5,112
03501,2010,6891045,3141,2390,6432,14,694
03501,2011,6788413,3160,2380,5626,16,667
03501,2012,6789704,3196,2380,7662,15,617
03501,2013,7074642,3269,2370,8733,15,606
03501,2014,7155372,3294,2360,8966,13,555
03501,2015,7271113,3342,2340,9301,,
03501,2016,7573153,3435,2320,10033,13,553
03501,2017,7659848,3417,2300,9567,14,570
03501,2018,8008000,3473,2290,8818,14,544
03501,2019,7968617,3422,2290,8427,14,537
03501,2020,8189461,3440,2260,8035,13,530
03501,2021,8552784,3374,2240,8043,10,480
03501,2022,8465870,3286,2220,8250,13,467
03501,2023,8200578,3257,2180,8775,13,491
03501,2024,7915397,2929,2130,,13,475
03503,2010,3323780,1500,425,416,7,69
03503,2011,3107427,1434,375,686,7,110
03503,2012,2549440,1119,423,692,7,98
03503,2013,2914214,1264,421,891,6,92
03503,2014,3323263,1392,415,424,4,70
03503,2015,3532930,1466,415,573,,
03503,2016,3892251,1541,386,463,6,68
03503,2017,3986742,1614,386,479,4,95
03503,2018,4426779,1675,382,632,4,101
03503,2019,4347277,1665,368,588,5,107
03503,2020,4172355,1602,368,475,5,107
03503,2021,4310663,1633,368,412,4,104
03503,2022,4172829,1566,364,471,3,57
03503,2023,4131628,1549,346,494,4,97
03503,2024,3867412,1357,341,,4,99
03506,2010,4119197,1986,1690,9686,12,469
03506,2011,4018079,1986,1680,9467,15,482
03506,2012,4087120,2045,1680,9450,11,462
03506,2013,4214004,2079,1680,9568,11,461
03506,2014,4169271,2055,1670,10166,11,447
03506,2015,4218307,2070,1660,11633,,
03506,2016,4287542,2040,1650,11751,13,474
03506,2017,4486387,2081,1640,13162,9,457
03506,2018,4574420,2088,1640,13596,11,472
03506,2019,4663666,2104,1640,13174,12,481
03506,2020,4678501,2069,1630,14160,12,505
03506,2021,4959279,2051,1620,14123,10,467
03506,2022,4915799,2041,1600,16615,9,423
03506,2023,4861832,2014,1550,15346,9,425
03506,2024,4665981,1798,1520,,9,414
03507,2010,13879776,5940,3220,3660,32,459
03507,2011,13283462,5856,3210,2870,30,300
03507,2012,13409748,5929,3210,3630,32,463
03507,2013,14069240,6193,3160,4543,30,440
03507,2014,14501221,6180,3100,4515,30,406
03507,2015,14806673,6201,3010,4527,,
03507,2016,15233391,6300,3000,3887,27,376
03507,2017,15380377,6288,2980,4117,22,359
03507,2018,15453880,6269,2970,4798,23,351
03507,2019,15473856,6242,2960,4705,23,365
03507,2020,15343054,6209,2960,4022,23,390
03507,2021,16119110,6269,2980,5557,18,314
03507,2022,15421835,6058,2940,6242,24,344
03507,2023,15542451,6033,2920,6506,24,341
03507,2024,14757811,5318,2870,,24,339
03524,2010,10475585,4601,3640,12205,27,1022
03524,2011,10302107,4557,3640,10517,24,895
03524,2012,10234818,4625,3640,11668,25,966
03524,2013,10241087,4645,3630,11851,24,969
03524,2014,10595407,4674,3610,12361,22,971
03524,2015,10647141,4667,3610,13493,,
03524,2016,11104242,4736,3620,12309,23,951
03524,2017,10918473,4637,3610,13387,20,816
03524,2018,10846267,4586,3580,13879,20,851
03524,2019,10860651,4621,3560,13214,20,847
03524,2020,10718819,4545,3560,15327,20,861
03524,2021,11045838,4478,3570,15268,19,777
03524,2022,10903357,4398,3550,16135,19,632
03524,2023,10876566,4295,3490,14964,20,702
03524,2024,10157137,3870,3490,,20,704
