code,year,gomi_collect_pop,gomi_total,gomi_per_day,recycle_rate,landfill,flush_rate,nonflush_pop
03000,2010,1342291,446281,911,18.7,47400,19.4,467852
03000,2011,1325147,449111,926,18.7,52498,19.9,450810
03000,2012,1321598,455076,943,18.7,52678,20.6,428584
03000,2013,1312383,452666,945,18.5,50415,21.5,395956
03000,2014,1302923,449548,945,17.4,49913,21.6,381636
03000,2015,1291352,440812,933,18.5,44939,21.7,362090
03000,2016,1279875,430106,921,18.1,40609,21.2,351940
03000,2017,1266552,426270,922,18.4,40788,21.2,332822
03000,2018,1252038,424967,930,18.2,41305,21.7,310188
03000,2019,1238207,420164,927,17.6,41265,21.9,290113
03000,2020,1223946,405527,908,17.5,37829,21.9,276071
03000,2021,1209697,401035,908,17.1,37405,17.2,252040
03000,2022,1193904,392513,901,16.8,36656,17.3,240778
03000,2023,1176017,376721,875,16.4,34761,17.4,230323
03201,2010,292285,117086,1098,17.5,13680,8.3,21202
03201,2011,293452,117565,1095,17.9,13628,7.7,22142
03201,2012,295706,117403,1088,17.5,13449,7.6,23226
03201,2013,295667,118399,1097,17.1,13673,7.5,22454
03201,2014,295142,115650,1074,16.1,13719,7.3,21740
03201,2015,294091,114309,1062,17.6,12786,7.3,21355
03201,2016,293130,111703,1044,16.1,12578,7.3,19524
03201,2017,291994,110003,1032,16.7,12507,7.0,17733
03201,2018,290233,109892,1037,16.2,12894,6.9,17146
03201,2019,288618,108210,1024,15.6,12557,6.8,16224
03201,2020,287284,102970,982,15.7,11658,6.8,15626
03201,2021,285680,100902,968,15.6,11315,4.8,14871
03201,2022,283566,98375,950,15.4,11115,4.8,13938
03201,2023,280851,95303,927,15.0,11085,5.4,11585
03202,2010,60328,22359,1015,16.5,2460,16.0,21860
03202,2011,58893,21907,1016,16.1,2443,16.8,20967
03202,2012,58247,21706,1021,16.2,2624,17.9,18650
03202,2013,57606,21875,1040,15.8,2770,22.4,14851
03202,2014,56996,22242,1069,14.6,2542,19.5,15240
03202,2015,56138,21674,1055,14.4,2426,18.6,14727
03202,2016,55341,21205,1050,14.0,2464,19.3,13411
03202,2017,54319,21874,1103,13.2,3006,16.4,12948
03202,2018,53181,21708,1118,12.3,2933,17.0,14141
03202,2019,51993,20652,1085,12.5,2825,18.3,12383
03202,2020,50755,19492,1052,12.5,2255,15.4,13256
03202,2021,49500,18898,1046,12.1,2163,14.2,12272
03202,2022,48235,18348,1042,11.8,2129,15.0,11993
03202,2023,47033,17499,1017,11.5,1947,14.9,11481
03203,2010,40896,10648,713,20.2,838,29.8,21591
03203,2011,39461,10098,699,22.7,1201,30.5,21132
03203,2012,39441,10247,712,26.5,692,33.1,19736
03203,2013,39174,10658,745,26.0,713,37.8,17300
03203,2014,38973,10915,767,19.9,600,41.4,15536
03203,2015,38559,10978,778,19.7,600,41.8,14889
03203,2016,38030,10588,763,20.5,332,32.5,17687
03203,2017,37394,10504,770,21.3,546,31.3,17261
03203,2018,36712,10276,767,20.9,374,45.5,11154
03203,2019,36040,10111,767,20.2,434,45.6,9445
03203,2020,35238,9744,758,21.9,399,45.7,8547
03203,2021,34466,9632,766,19.1,417,46.5,7615
03203,2022,33714,9351,760,18.0,378,47.7,6493
03203,2023,32999,8930,739,19.1,363,42.7,7538
03205,2010,102999,35831,953,16.1,4389,23.1,33727
03205,2011,101693,36806,989,15.1,4887,25.2,30190
03205,2012,100920,39631,1076,17.3,5403,26.6,27031
03205,2013,100250,38471,1051,14.6,4707,27.3,24630
03205,2014,100015,36373,996,14.7,4635,27.6,23298
03205,2015,99135,34795,959,18.2,2745,27.4,22128
03205,2016,98241,33022,921,22.5,1700,27.6,20715
03205,2017,97213,32087,904,22.4,1314,27.4,19644
03205,2018,96260,31124,886,21.6,1544,27.4,18621
03205,2019,95466,30922,885,21.8,1595,27.1,17912
03205,2020,94601,30147,873,20.5,1439,25.8,17217
03205,2021,93682,30403,889,20.7,1409,13.5,16357
03205,2022,92682,29971,886,19.9,1281,13.7,15689
03205,2023,91404,29178,872,19.5,1377,13.7,14859
03206,2010,93061,26677,785,25.2,2580,18.9,25613
03206,2011,93505,28081,821,25.0,3276,19.5,23491
03206,2012,94127,27347,796,22.9,3219,19.4,22621
03206,2013,93880,27108,791,21.4,2519,19.7,21709
03206,2014,93741,26869,785,20.3,2993,19.7,20365
03206,2015,93704,27217,794,22.2,2551,19.5,18421
03206,2016,93312,26605,781,26.1,700,19.5,17749
03206,2017,92870,26673,787,25.7,1000,19.7,17538
03206,2018,92661,27354,809,26.7,1283,20.5,16311
03206,2019,92545,26955,796,25.2,1363,20.6,14713
03206,2020,92368,26397,783,23.0,1209,20.5,13986
03206,2021,92506,26489,785,23.3,1204,8.6,13659
03206,2022,92244,26311,781,22.5,1175,8.7,13108
03206,2023,91694,25150,749,22.2,1043,8.7,12760
03207,2010,38216,13922,998,10.7,2127,14.8,26374
03207,2011,37905,13606,981,11.6,2013,14.9,26032
03207,2012,37814,13498,978,10.4,2257,14.7,26030
03207,2013,37543,13438,981,10.5,2160,17.4,23389
03207,2014,37139,13911,1026,11.2,2038,17.6,22985
03207,2015,36760,13547,1007,10.6,1987,20.1,21080
03207,2016,36266,13335,1007,10.3,1788,19.6,20769
03207,2017,35692,13231,1016,11.2,1786,20.0,19726
03207,2018,35239,13153,1023,11.4,1683,20.6,19002
03207,2019,34740,13186,1037,11.5,1646,21.5,18027
03207,2020,34214,12355,989,11.9,1542,21.5,17748
03207,2021,33475,12186,997,11.7,1522,15.3,16680
03207,2022,32763,11902,995,11.1,1384,15.3,15884
03207,2023,32145,11300,960,10.9,1336,15.8,15249
03208,2010,30335,9307,841,17.4,963,18.1,15906
03208,2011,29746,9942,913,19.6,1001,19.1,14868
03208,2012,29823,9644,886,21.4,939,19.0,14812
03208,2013,29479,9612,893,21.6,937,20.6,13647
03208,2014,29150,9396,883,22.9,927,18.5,13934
03208,2015,28779,9301,883,25.2,737,19.3,10928
03208,2016,28374,8902,860,28.7,412,23.2,11461
03208,2017,27884,8872,872,28.2,420,24.3,10657
03208,2018,27246,9106,916,27.4,482,26.3,9615
03208,2019,26737,8553,874,28.7,467,27.7,7606
03208,2020,26138,8326,873,27.5,409,27.9,7430
03208,2021,25648,8131,869,27.2,410,25.3,7249
03208,2022,25139,8113,884,27.0,383,25.4,6984
03208,2023,24681,7686,851,26.1,325,25.6,6827
03209,2010,120215,35575,811,15.8,5164,19.5,68668
03209,2011,128571,39473,839,15.4,6231,21.3,72089
03209,2012,127745,42094,903,14.1,6416,22.2,69513
03209,2013,126162,38478,836,15.6,5394,23.2,65895
03209,2014,124663,38604,848,15.6,5466,23.6,63367
03209,2015,122919,37211,827,15.8,5159,24.4,59323
03209,2016,121411,36646,827,15.1,4866,26.3,53528
03209,2017,119655,36317,832,15.0,4866,26.7,50390
03209,2018,117814,35607,828,16.8,4871,27.7,47375
03209,2019,115822,35189,830,16.0,4871,28.2,44395
03209,2020,113877,34164,822,16.8,3664,29.5,40336
03209,2021,112049,34020,832,17.0,3794,27.3,38145
03209,2022,110176,33438,831,16.9,3806,27.6,36437
03209,2023,107930,32349,819,16.6,3419,28.3,34008
03210,2010,24214,5792,655,15.7,714,27.6,12295
03210,2011,21246,4434,570,20.8,395,33.5,12829
03210,2012,20772,5436,717,29.1,282,45.1,10127
03210,2013,20600,5054,672,45.1,721,51.7,8680
03210,2014,20426,5520,740,27.7,342,56.0,7388
03210,2015,20208,5762,779,25.1,445,58.2,6510
03210,2016,19931,5611,771,24.1,347,44.2,8898
03210,2017,19599,5672,793,24.4,268,42.6,8381
03210,2018,19233,5584,795,23.5,296,58.9,4581
03210,2019,18959,5459,787,23.0,275,60.1,3828
03210,2020,18694,5192,761,24.0,312,60.8,3384
03210,2021,18389,5046,752,22.7,226,60.8,3329
03210,2022,18038,4987,757,22.3,185,62.5,2607
03210,2023,17729,4870,751,24.0,247,61.0,2891
03211,2010,40167,15770,1076,24.0,726,15.7,14969
03211,2011,37973,13896,1000,25.3,752,23.9,11843
03211,2012,37589,15095,1100,26.2,832,27.1,10011
03211,2013,37020,15562,1152,30.2,930,26.5,10048
03211,2014,36570,15754,1180,22.9,871,24.6,10131
03211,2015,35955,15552,1182,21.9,880,22.8,9996
03211,2016,35458,14932,1154,22.3,780,22.0,9515
03211,2017,34772,14403,1135,22.9,583,20.3,9049
03211,2018,33977,14089,1136,22.9,578,18.2,8916
03211,2019,33167,13452,1108,21.5,581,18.3,8303
03211,2020,32374,12714,1076,23.1,540,18.7,7684
03211,2021,31599,12503,1084,20.4,591,15.4,6558
03211,2022,30782,12003,1068,19.6,541,12.1,7554
03211,2023,30111,11426,1037,20.6,464,12.5,8426
03213,2010,30164,11295,1026,15.2,1186,20.5,13823
03213,2011,30097,11067,1005,15.2,1183,20.9,12336
03213,2012,29826,11048,1015,14.7,1220,18.0,12680
03213,2013,29473,10850,1009,13.1,1201,16.7,12668
03213,2014,29001,10927,1032,13.3,1208,15.8,12094
03213,2015,28563,9671,925,14.3,1049,15.6,11855
03213,2016,28112,9409,917,14.1,1026,14.6,11706
03213,2017,27611,9270,920,14.4,1019,15.5,10960
03213,2018,27239,9194,925,14.0,1026,15.9,10410
03213,2019,26692,8833,904,13.8,1016,17.3,9402
03213,2020,26245,8690,907,13.9,896,17.6,8951
03213,2021,25769,8513,905,13.9,980,17.6,8663
03213,2022,25210,8401,913,13.6,985,17.8,8317
03213,2023,24765,8026,885,13.9,927,18.0,7997
03214,2010,29352,10056,939,11.2,1402,40.4,11024
03214,2011,28974,10378,979,12.7,1455,41.1,10440
03214,2012,28615,10604,1015,11.8,2487,39.3,11112
03214,2013,28170,10905,1061,11.2,1901,40.8,9761
03214,2014,27758,10651,1051,10.7,1595,42.3,10571
03214,2015,27268,10421,1044,11.5,1465,43.8,9847
03214,2016,26784,10187,1042,11.3,1489,27.1,13185
03214,2017,26338,10162,1057,11.2,1455,29.1,12333
03214,2018,26002,10236,1079,10.9,1472,30.4,11764
03214,2019,25371,10356,1115,10.5,1486,23.6,13069
03214,2020,24906,10075,1108,10.6,1540,23.8,12528
03214,2021,24414,9942,1116,10.4,1516,23.4,6576
03214,2022,24114,9931,1128,10.3,1440,24.1,6430
03214,2023,23611,9455,1094,9.8,1307,24.9,6038
03215,2010,126567,37506,812,16.0,3629,29.3,48838
03215,2011,125623,41524,903,15.7,6796,28.9,48569
03215,2012,124914,39070,857,15.4,4999,29.3,47204
03215,2013,123863,39436,872,14.0,5273,29.5,46153
03215,2014,122645,38930,870,13.0,4926,30.0,43709
03215,2015,121427,37922,853,11.8,4712,30.9,40229
03215,2016,120328,37421,852,11.5,5082,30.8,39568
03215,2017,119115,37515,863,11.3,5073,31.8,36399
03215,2018,117545,37176,866,10.7,5270,30.5,37048
03215,2019,116321,37840,889,10.2,5611,32.0,34002
03215,2020,114876,37104,885,9.9,5426,31.8,32694
03215,2021,113458,37578,907,9.9,5401,31.3,31256
03215,2022,112129,36646,895,9.1,5701,30.7,30220
03215,2023,110148,34854,865,8.9,4720,31.0,28386
03216,2013,55014,18517,922,26.2,812,18.0,13568
03216,2014,55174,18514,919,27.0,842,16.6,14234
03216,2015,55184,18306,906,29.7,905,16.9,12585
03216,2016,55174,17868,887,24.7,809,17.3,10417
03216,2017,55164,17686,878,26.9,699,20.8,8492
03216,2018,55211,17865,887,26.4,664,20.8,8212
03216,2019,55422,17953,885,25.7,643,20.8,7729
03216,2020,55524,17909,884,24.8,706,20.7,7085
03216,2021,55668,17701,871,22.1,711,21.1,5901
03216,2022,55377,17257,854,21.7,659,21.9,5010
03216,2023,54988,16561,823,21.7,638,22.5,5185
03301,2010,18392,6331,943,26.3,248,17.2,6762
03301,2011,18204,6482,973,26.7,239,17.8,6377
03301,2012,18054,6622,1005,24.3,257,18.0,6149
03301,2013,17811,6416,987,25.9,241,17.9,5787
03301,2014,17623,6329,984,25.8,243,17.8,5557
03301,2015,17413,6525,1024,27.4,252,18.3,5279
03301,2016,17151,6554,1047,24.3,242,18.0,4921
03301,2017,16965,6662,1076,26.6,219,18.1,4741
03301,2018,16753,6575,1075,25.8,198,18.3,4548
03301,2019,16452,6746,1120,25.4,204,18.7,4294
03301,2020,16170,6526,1106,24.4,203,18.1,4229
03301,2021,15857,6370,1101,21.9,201,18.5,3863
03301,2022,15642,6411,1123,21.6,189,18.7,3741
03301,2023,15378,6352,1129,21.3,189,19.3,3604
03302,2010,7393,1904,706,26.5,295,46.3,3973
03302,2011,7393,1884,696,26.1,302,46.4,3960
03302,2012,7254,1865,704,29.4,382,48.4,3744
03302,2013,7080,1717,664,37.0,252,48.8,3624
03302,2014,6874,1808,721,35.0,310,53.2,3218
03302,2015,6720,1739,707,35.2,199,41.8,3909
03302,2016,6529,1850,776,32.0,330,43.6,3684
03302,2017,6390,1807,775,30.0,420,45.6,3479
03302,2018,6227,1784,785,30.9,400,47.5,3268
03302,2019,6055,1776,801,29.9,397,48.6,3111
03302,2020,5902,1724,800,29.0,428,50.0,2951
03302,2021,5762,1661,790,30.9,382,27.1,2815
03302,2022,5637,1703,828,28.0,400,28.5,2675
03302,2023,5484,1638,816,27.0,324,28.6,2589
03303,2010,15609,4273,750,15.0,526,14.8,8989
03303,2011,15415,4232,750,15.4,522,15.8,8457
03303,2012,15187,4270,770,15.7,548,14.5,8201
03303,2013,14918,4226,776,15.8,493,15.6,7645
03303,2014,14720,4166,775,15.2,472,18.1,8817
03303,2015,14327,4165,794,14.0,480,19.1,8199
03303,2016,14109,4154,807,14.1,469,20.0,7753
03303,2017,13842,4008,793,14.7,433,21.2,7228
03303,2018,13540,4026,815,14.7,445,22.2,6765
03303,2019,13219,4001,827,14.3,453,22.6,6409
03303,2020,12899,3847,817,14.4,474,24.4,5768
03303,2021,12539,3850,841,15.1,507,25.5,5228
03303,2022,12268,3683,822,15.2,489,26.8,4917
03303,2023,11942,3602,824,15.2,493,28.1,4615
03305,2010,53780,18390,937,30.6,1131,19.3,15642
03305,2011,54143,18639,941,28.3,839,17.9,16212
03305,2012,54615,18567,931,26.4,834,17.6,15742
03321,2010,34151,10906,875,27.9,514,32.6,4500
03321,2011,34034,11220,901,26.4,578,34.5,3403
03321,2012,34044,11331,912,26.4,605,34.6,3088
03321,2013,33962,11559,932,25.4,629,34.5,2826
03321,2014,33799,11114,901,24.3,638,34.1,2759
03321,2015,33674,11290,916,28.5,646,31.5,4984
03321,2016,33496,10948,895,22.2,583,31.5,4696
03321,2017,33324,11089,912,24.9,609,31.5,4389
03321,2018,33173,10955,905,22.6,562,31.3,4230
03321,2019,33061,10831,895,21.5,548,31.0,3860
03321,2020,33160,10886,899,20.6,622,30.4,3746
03321,2021,33128,10428,862,20.6,590,16.3,2927
03321,2022,33084,9867,817,20.7,584,14.4,3301
03321,2023,32937,9105,755,20.9,558,14.3,3169
03322,2010,27015,10921,1108,24.7,580,21.5,3724
03322,2011,26752,10696,1092,24.3,594,21.5,2326
03322,2012,26752,10968,1123,24.0,641,21.4,1896
03322,2013,26748,11526,1181,23.4,727,21.4,1582
03322,2014,26865,11947,1218,20.3,771,21.5,1445
03322,2015,27116,12142,1223,25.8,773,21.7,1772
03322,2016,27258,11551,1161,19.3,676,20.8,1498
03322,2017,27340,11159,1118,22.8,664,19.7,1803
03322,2018,27264,11540,1160,20.0,639,19.9,1435
03322,2019,27426,11871,1183,18.9,642,18.1,2010
03322,2020,27152,11504,1161,18.3,643,16.7,1529
03322,2021,26970,11534,1172,19.3,636,2.1,647
03322,2022,26641,11362,1168,19.8,472,2.1,374
03322,2023,26377,10439,1081,19.5,624,2.1,558
03366,2010,6923,1797,711,17.5,224,18.6,2171
03366,2011,6753,1804,730,16.5,232,19.2,2080
03366,2012,6620,1804,747,16.2,253,19.3,1972
03366,2013,6474,1836,777,16.0,291,19.9,1908
03366,2014,6307,1803,783,16.2,455,21.9,1687
03366,2015,6143,1779,791,17.8,179,23.5,1518
03366,2016,6023,1731,787,22.3,93,23.2,1467
03366,2017,5867,1683,786,21.6,99,23.5,1430
03366,2018,5714,1707,818,21.2,112,23.0,1402
03366,2019,5568,1661,815,21.2,78,24.0,1145
03366,2020,5384,1614,821,20.3,110,24.7,1012
03366,2021,5267,1585,824,20.6,118,18.8,928
03366,2022,5078,1564,844,20.0,109,18.7,873
03366,2023,4894,1498,836,19.6,94,18.5,825
03381,2010,16191,3855,652,20.2,408,39.9,3063
03381,2011,16268,4020,675,20.1,413,39.6,3073
03381,2012,16312,4240,712,19.1,498,38.1,3196
03381,2013,16254,4227,712,18.3,498,37.2,2654
03381,2014,16158,4213,714,17.4,475,36.9,2483
03381,2015,16050,4192,714,16.5,469,37.2,2367
03381,2016,15972,4151,712,15.5,461,37.4,2256
03381,2017,15779,4225,734,14.6,451,35.6,2409
03381,2018,15655,4169,730,13.2,450,35.2,2227
03381,2019,15594,4298,753,12.6,498,34.9,2078
03381,2020,15580,4218,742,11.9,496,34.3,2044
03381,2021,15501,4309,762,11.7,487,4.5,2081
03381,2022,15299,4319,773,11.1,528,4.5,1938
03381,2023,15218,4021,722,9.9,495,4.5,1843
03402,2010,8548,2320,744,13.8,338,24.9,4201
03402,2011,8393,2368,771,13.0,394,24.6,4052
03402,2012,8260,2444,811,13.3,410,25.0,3881
03402,2013,8212,2346,783,11.9,366,25.6,3743
03402,2014,8127,2319,782,12.0,253,26.1,3578
03402,2015,8001,2294,783,10.1,242,27.2,3410
03402,2016,7909,2167,751,13.9,379,27.0,3429
03402,2017,7800,2187,768,9.7,359,29.3,3165
03402,2018,7685,2165,772,14.5,271,28.0,3194
03402,2019,7511,2144,780,10.7,271,30.5,2361
03402,2020,7364,2010,748,14.5,155,29.5,2815
03402,2021,7259,1996,753,14.5,180,21.5,2719
03402,2022,7056,2007,779,13.8,185,22.2,2526
03402,2023,6848,1920,766,16.5,214,22.7,2346
03422,2010,9230,1765,524,19.7,241,32.3,6246
03441,2010,6321,1257,545,29.5,75,19.4,3503
03441,2011,6331,1356,585,30.3,140,20.1,3462
03441,2012,6271,1372,599,42.6,108,21.2,3346
03441,2013,6167,1408,626,41.5,93,24.4,3089
03441,2014,6058,1352,611,31.8,78,24.6,2967
03441,2015,5924,1303,601,29.2,79,25.9,2779
03441,2016,5852,1239,580,27.4,43,22.6,2900
03441,2017,5686,1315,634,32.1,73,23.7,2752
03441,2018,5544,1296,640,32.6,50,30.4,2289
03441,2019,5406,1301,658,31.1,60,32.7,2022
03441,2020,5252,1198,625,29.2,56,33.7,1867
03441,2021,5085,1201,647,25.4,58,35.4,1701
03441,2022,4943,1172,650,23.1,53,37.5,1555
03441,2023,4824,1143,647,23.2,53,38.3,1443
03461,2010,16035,5151,880,25.6,12,14.0,8798
03461,2011,13523,3282,663,34.2,8,0.0,13523
03461,2012,13101,3749,784,34.6,18,25.2,8548
03461,2013,12808,4004,856,38.0,0,28.3,7867
03461,2014,12599,4303,936,31.9,263,28.2,7416
03461,2015,12421,4208,926,28.7,181,27.6,6967
03461,2016,12301,4325,963,32.1,97,28.3,6170
03461,2017,12110,4209,952,28.5,111,26.5,4375
03461,2018,11960,4156,952,29.1,195,5.4,4166
03461,2019,11710,4041,943,29.4,195,9.6,4752
03461,2020,11458,3879,928,29.8,167,22.0,4567
03461,2021,11208,3784,925,24.9,139,10.3,4092
03461,2022,10998,3558,886,26.3,139,10.7,4004
03461,2023,10780,3420,867,21.6,338,11.0,3716
03482,2010,19372,5814,822,16.6,554,20.4,13454
03482,2011,17735,4997,770,14.6,497,20.4,12174
03482,2012,17296,5047,799,14.6,625,22.7,11444
03482,2013,17013,5118,824,14.8,585,42.2,7210
03482,2014,16807,5773,941,14.0,823,46.2,6037
03482,2015,16476,5300,879,14.2,544,34.0,7822
03482,2016,16227,5221,882,13.8,571,39.6,7104
03482,2017,16009,5053,865,13.6,616,34.7,8878
03482,2018,15714,5084,886,13.3,551,33.2,7297
03482,2019,15354,5130,913,13.2,571,29.6,7379
03482,2020,15104,4992,906,13.0,525,26.4,7502
03482,2021,14848,4800,886,13.4,483,13.8,6741
03482,2022,14565,4693,883,12.8,462,13.4,6548
03482,2023,14299,4517,863,12.2,444,15.8,5785
03483,2010,11247,3487,849,36.5,254,10.4,8508
03483,2011,11040,3490,864,36.0,277,12.6,8024
03483,2012,10838,3745,947,37.1,313,11.9,7864
03483,2013,10598,3844,994,36.2,335,14.9,7233
03483,2014,10312,3817,1014,36.4,294,14.5,7025
03483,2015,10099,3693,999,35.5,288,16.7,6656
03483,2016,9898,3674,1017,33.6,313,18.0,6172
03483,2017,9666,3577,1014,33.2,332,16.2,6244
03483,2018,9462,3543,1026,32.6,316,18.1,5720
03483,2019,9216,3720,1103,30.9,332,20.4,5358
03483,2020,8915,3398,1044,31.9,291,22.1,4972
03483,2021,8664,3392,1073,33.7,269,22.5,4785
03483,2022,8357,3420,1121,33.4,281,23.8,4439
03483,2023,8092,3218,1087,29.6,264,23.1,4306
03484,2010,3969,1163,803,27.0,98,28.7,2665
03484,2011,3883,1026,722,26.4,90,19.5,2948
03484,2012,3844,1119,798,27.9,104,22.1,2794
03484,2013,3752,1148,838,24.3,114,21.2,2741
03484,2014,3695,1167,865,24.1,107,30.4,2232
03484,2015,3636,1241,933,24.1,138,37.0,2004
03484,2016,3597,1126,858,25.3,104,37.4,1928
03484,2017,3551,1103,851,25.1,113,36.0,1955
03484,2018,3441,1150,916,26.1,107,38.6,1791
03484,2019,3324,1113,915,26.3,110,35.4,1849
03484,2020,3214,1153,983,29.7,104,36.9,1728
03484,2021,3142,1151,1004,30.2,99,19.2,1672
03484,2022,3076,1128,1005,31.1,93,19.2,1611
03484,2023,2996,1074,979,28.1,92,20.1,1505
03485,2010,3097,987,873,9.6,153,21.2,2439
03485,2011,3020,978,885,8.5,172,22.0,2356
03485,2012,2995,1053,963,8.3,185,22.5,2320
03485,2013,2953,1002,930,9.9,162,24.1,2242
03485,2014,2913,982,924,10.6,142,36.3,1855
03485,2015,2868,1010,962,10.4,157,39.0,1750
03485,2016,2825,1038,1007,9.4,134,40.4,1685
03485,2017,2785,983,967,11.4,122,40.4,1661
03485,2018,2736,998,999,11.7,101,28.5,1955
03485,2019,2653,914,941,12.8,90,31.6,1814
03485,2020,2572,919,979,12.9,97,32.3,1740
03485,2021,2522,843,916,12.9,102,33.1,1416
03485,2022,2451,814,910,12.0,86,33.8,1363
03485,2023,2379,831,954,11.0,97,34.3,1310
03501,2010,10660,2578,663,14.7,294,21.4,5996
03501,2011,10494,2439,635,14.6,278,22.2,5750
03501,2012,10441,2471,648,15.9,311,20.9,5804
03501,2013,10217,2389,641,18.1,244,21.9,5468
03501,2014,10006,2463,674,18.4,278,22.6,5239
03501,2015,9821,2123,591,20.9,243,23.2,5027
03501,2016,9628,2086,594,15.9,246,21.5,4803
03501,2017,9441,2222,645,18.8,225,22.7,4543
03501,2018,9038,2251,682,18.1,230,24.6,4097
03501,2019,9038,2209,668,13.6,191,24.6,4097
03501,2020,8827,2015,625,14.1,205,21.7,4333
03501,2021,8586,1998,638,13.4,223,22.1,4067
03501,2022,8369,1827,598,13.7,212,23.6,3806
03501,2023,8158,1863,624,13.0,234,24.1,3793
03503,2010,4884,1324,743,9.6,203,33.1,2044
03503,2011,4686,1218,710,9.4,134,33.4,1866
03503,2012,4633,1307,773,9.4,134,34.8,1709
03503,2013,4602,1336,795,9.2,176,35.0,1678
03503,2014,4515,1332,808,10.8,168,26.5,1690
03503,2015,4451,1324,813,11.9,169,26.3,1506
03503,2016,4404,1278,795,10.3,167,26.7,1340
03503,2017,4313,1294,822,12.8,142,27.4,1185
03503,2018,4258,1316,847,12.8,127,22.5,1321
03503,2019,4226,1299,840,12.9,120,22.5,1330
03503,2020,4192,1288,842,12.7,134,22.4,1252
03503,2021,4119,1228,817,13.0,133,9.2,1178
03503,2022,4057,1193,806,12.9,138,8.9,1162
03503,2023,3986,1174,805,12.2,135,8.8,1097
03506,2010,6679,1603,658,9.6,197,12.8,2557
03506,2011,6521,1637,686,10.8,207,12.9,2474
03506,2012,6506,1706,718,10.5,225,13.5,2453
03506,2013,6383,1672,718,10.2,202,14.6,2232
03506,2014,6263,1689,739,8.6,207,13.8,2219
03506,2015,6172,1569,695,9.2,193,14.0,2187
03506,2016,6092,1570,706,9.1,199,22.4,2898
03506,2017,5973,1440,661,9.2,182,27.2,2523
03506,2018,5819,1425,671,9.3,182,26.9,2429
03506,2019,5720,1443,689,9.5,197,31.5,2116
03506,2020,5633,1326,645,9.8,163,32.1,1954
03506,2021,5505,1359,676,10.3,173,26.7,1868
03506,2022,5389,1323,673,11.6,177,27.3,1735
03506,2023,5186,1263,665,11.4,132,27.4,1646
03507,2010,19390,4343,614,12.3,786,25.6,12604
03507,2011,19070,4439,636,12.0,856,26.6,12053
03507,2012,18847,4461,648,11.2,926,27.7,11501
03507,2013,18523,4437,656,11.4,838,23.8,11922
03507,2014,18146,4601,695,11.0,807,24.9,11383
03507,2015,17890,4563,697,10.9,882,25.5,11023
03507,2016,17575,4483,699,10.9,815,26.4,10526
03507,2017,17207,4476,713,11.8,758,27.0,10109
03507,2018,16887,4479,727,12.4,663,28.3,9609
03507,2019,16509,4495,744,12.2,621,28.2,9305
03507,2020,16110,4411,750,12.5,637,33.4,8118
03507,2021,15783,4358,756,12.5,651,29.0,7974
03507,2022,15495,4190,741,12.4,576,29.3,7624
03507,2023,15135,4119,744,11.9,485,30.1,7322
03524,2010,14606,4288,804,16.8,411,8.4,10123
03524,2011,14350,4127,786,17.0,465,17.5,9312
03524,2012,14189,4112,794,17.9,482,10.0,10179
03524,2013,14007,4092,800,18.1,458,10.7,9752
03524,2014,13743,4114,820,22.3,425,10.8,9437
03524,2015,13460,3686,748,27.7,378,11.3,9058
03524,2016,13137,3526,735,28.3,314,12.3,8577
03524,2017,12884,3509,746,28.4,318,12.8,8442
03524,2018,12615,3984,865,24.4,336,13.1,8149
03524,2019,12272,3500,779,26.8,317,13.8,7785
03524,2020,11964,3340,765,26.9,324,14.4,7472
03524,2021,11649,3244,763,27.2,315,15.4,6207
03524,2022,11330,3245,785,24.8,321,15.7,5922
03524,2023,11015,2937,729,18.6,298,16.1,5621
