code,year,hospitals,gen_hospitals,clinics,dental_clinics,hosp_beds,clinic_beds,doctors,dentists,pharmacists
03000,2010,95,80,918,611,18506,2133,2576,1046,2123
03000,2011,92,77,902,580,17965,2044,,,
03000,2012,92,77,918,590,17856,1930,2603,1031,2183
03000,2013,92,77,923,602,17756,1883,,,
03000,2014,91,76,902,594,17569,1663,2622,1031,2232
03000,2015,91,76,904,594,17496,1576,,,
03000,2016,93,78,898,592,17471,1506,2631,1029,2303
03000,2017,93,78,874,587,17304,1418,,,
03000,2018,93,78,882,583,17081,1343,2673,1005,2421
03000,2019,91,76,879,576,15589,1270,,,
03000,2020,92,77,877,566,16436,1187,2700,1016,2536
03000,2021,92,77,888,557,16158,1163,,,
03000,2022,92,77,889,548,16146,1055,2758,965,2572
03000,2023,91,76,879,542,15850,939,,,
03201,2010,29,24,276,200,6447,575,1237,518,792
03201,2011,29,24,273,202,6415,558,,,
03201,2012,29,24,274,202,6369,501,1205,488,814
03201,2013,29,24,269,204,6309,517,,,
03201,2014,29,24,261,202,6275,459,1240,475,861
03201,2015,29,24,260,202,6275,428,,,
03201,2016,29,24,259,201,6269,368,1240,469,862
03201,2017,29,24,258,202,6248,330,,,
03201,2018,28,23,261,200,6152,351,1303,452,930
03201,2019,27,22,264,198,4961,333,,,
03201,2020,27,22,262,196,4899,335,843,445,879
03201,2021,27,22,260,191,4784,335,,,
03201,2022,27,22,260,187,4772,306,867,445,885
03201,2023,26,21,258,185,4622,224,,,
03202,2010,4,2,35,24,1175,106,91,31,77
03202,2011,4,2,33,22,1175,93,,,
03202,2012,4,2,33,23,1165,93,85,32,72
03202,2013,4,2,34,25,1132,86,,,
03202,2014,4,2,34,23,1132,73,91,31,68
03202,2015,4,2,34,23,1067,73,,,
03202,2016,4,2,34,22,1067,73,86,29,80
03202,2017,4,2,33,21,1067,73,,,
03202,2018,4,2,32,21,1067,73,84,29,86
03202,2019,4,2,33,20,1057,73,,,
03202,2020,4,2,32,20,1054,59,90,29,91
03202,2021,4,2,34,19,1054,59,,,
03202,2022,4,2,34,18,1054,59,85,25,92
03202,2023,4,2,34,17,1000,59,,,
03203,2010,1,1,30,18,489,38,73,20,59
03203,2011,1,1,24,10,489,38,,,
03203,2012,1,1,26,13,489,38,71,19,67
03203,2013,1,1,26,14,489,38,,,
03203,2014,1,1,26,16,489,38,73,18,69
03203,2015,1,1,27,17,489,38,,,
03203,2016,1,1,26,17,489,38,75,21,64
03203,2017,1,1,27,17,489,38,,,
03203,2018,1,1,27,17,489,38,77,21,67
03203,2019,1,1,27,17,489,19,,,
03203,2020,1,1,28,17,489,19,71,20,71
03203,2021,1,1,27,17,489,19,,,
03203,2022,1,1,27,17,489,19,78,20,69
03203,2023,1,1,28,15,489,19,,,
03205,2010,7,6,70,38,1209,183,129,50,175
03205,2011,7,6,71,36,1209,171,,,
03205,2012,7,6,73,35,1159,164,135,48,183
03205,2013,7,6,73,36,1159,164,,,
03205,2014,7,6,71,35,1159,158,114,50,186
03205,2015,7,6,71,35,1159,155,,,
03205,2016,7,6,71,34,1159,155,110,50,190
03205,2017,7,6,66,34,1124,155,,,
03205,2018,7,6,68,34,1022,117,110,48,181
03205,2019,6,5,65,34,872,105,,,
03205,2020,6,5,69,34,871,105,103,47,194
03205,2021,6,5,70,35,871,99,,,
03205,2022,6,5,68,35,871,99,103,48,194
03205,2023,6,5,68,35,871,99,,,
03206,2010,3,2,69,44,923,87,158,57,143
03206,2011,3,2,68,44,923,87,,,
03206,2012,3,2,68,43,923,87,180,59,164
03206,2013,3,2,72,43,923,87,,,
03206,2014,3,2,70,41,923,87,188,53,156
03206,2015,3,2,71,42,923,87,,,
03206,2016,3,2,70,42,923,77,198,57,169
03206,2017,3,2,65,40,917,64,,,
03206,2018,3,2,65,41,917,64,195,58,170
03206,2019,3,2,63,39,917,52,,,
03206,2020,3,2,63,38,861,36,183,55,181
03206,2021,3,2,66,37,782,36,,,
03206,2022,3,2,63,37,782,36,206,55,194
03206,2023,3,2,62,36,782,26,,,
03207,2010,3,2,20,15,638,55,68,24,40
03207,2011,3,2,21,15,638,55,,,
03207,2012,3,2,21,16,638,55,73,26,40
03207,2013,3,2,21,15,638,36,,,
03207,2014,3,2,21,14,638,36,70,25,40
03207,2015,3,2,22,14,631,36,,,
03207,2016,3,2,22,13,631,36,76,23,40
03207,2017,3,2,22,13,625,36,,,
03207,2018,3,2,22,13,625,36,70,22,45
03207,2019,3,2,22,13,625,36,,,
03207,2020,3,2,21,12,625,36,68,18,50
03207,2021,3,2,20,12,625,36,,,
03207,2022,3,2,19,12,625,36,60,17,45
03207,2023,3,2,19,12,625,36,,,
03208,2010,2,1,19,10,346,19,28,12,24
03208,2011,2,1,19,10,346,19,,,
03208,2012,2,1,19,11,346,19,29,14,25
03208,2013,2,1,19,11,346,19,,,
03208,2014,2,1,20,11,346,19,30,16,28
03208,2015,2,1,19,11,346,11,,,
03208,2016,2,1,16,11,346,11,25,16,28
03208,2017,2,1,16,11,346,0,,,
03208,2018,2,1,16,11,269,0,27,14,37
03208,2019,2,1,16,11,269,0,,,
03208,2020,2,1,16,10,269,0,26,13,35
03208,2021,2,1,16,10,238,0,,,
03208,2022,2,1,17,9,238,0,26,12,35
03208,2023,2,1,17,9,238,0,,,
03209,2010,9,8,88,49,1680,134,195,63,174
03209,2011,10,9,86,50,1719,134,,,
03209,2012,10,9,88,50,1716,115,199,67,184
03209,2013,10,9,90,53,1709,115,,,
03209,2014,10,9,85,52,1617,107,203,65,186
03209,2015,10,9,83,51,1617,107,,,
03209,2016,10,9,83,52,1597,107,209,69,193
03209,2017,10,9,81,52,1556,107,,,
03209,2018,10,9,81,52,1533,107,210,68,200
03209,2019,10,9,81,50,1531,107,,,
03209,2020,10,9,85,47,1527,107,214,66,210
03209,2021,10,9,84,47,1517,89,,,
03209,2022,10,9,85,44,1517,79,230,60,213
03209,2023,10,9,82,45,1517,79,,,
03210,2010,2,2,10,9,289,41,21,9,27
03210,2011,2,2,7,3,194,23,,,
03210,2012,2,2,7,6,194,23,21,7,23
03210,2013,2,2,10,7,194,23,,,
03210,2014,2,2,8,7,194,23,20,9,23
03210,2015,2,2,8,7,194,23,,,
03210,2016,2,2,8,7,194,23,18,9,27
03210,2017,2,2,8,7,194,19,,,
03210,2018,2,2,8,7,213,19,18,9,29
03210,2019,2,2,8,7,213,19,,,
03210,2020,2,2,8,7,213,21,21,9,28
03210,2021,2,2,8,7,213,21,,,
03210,2022,2,2,8,7,213,21,19,7,27
03210,2023,2,2,10,7,213,21,,,
03211,2010,5,4,17,18,929,25,65,21,73
03211,2011,5,4,15,16,929,16,,,
03211,2012,5,4,16,16,929,16,69,19,66
03211,2013,5,4,15,15,929,16,,,
03211,2014,5,4,19,14,929,21,66,22,61
03211,2015,5,4,21,15,929,21,,,
03211,2016,5,4,22,15,929,21,62,20,67
03211,2017,5,4,20,14,929,21,,,
03211,2018,5,4,19,14,929,21,51,20,68
03211,2019,5,4,17,15,929,21,,,
03211,2020,5,4,17,15,929,21,48,23,73
03211,2021,5,4,19,14,929,21,,,
03211,2022,5,4,18,14,929,21,54,23,69
03211,2023,5,4,17,14,837,21,,,
03213,2010,1,1,16,16,300,90,56,19,50
03213,2011,1,1,16,15,300,90,,,
03213,2012,1,1,16,15,300,90,57,20,54
03213,2013,1,1,16,15,300,90,,,
03213,2014,1,1,18,15,300,77,54,21,53
03213,2015,1,1,18,15,300,65,,,
03213,2016,1,1,18,15,300,65,54,20,58
03213,2017,1,1,16,14,263,65,,,
03213,2018,1,1,17,14,263,65,54,18,61
03213,2019,1,1,18,14,263,65,,,
03213,2020,1,1,18,14,253,65,58,19,68
03213,2021,1,1,19,14,253,65,,,
03213,2022,1,1,18,14,253,46,58,20,65
03213,2023,1,1,18,14,253,38,,,
03214,2010,2,2,14,10,225,21,19,13,38
03214,2011,2,2,13,10,225,21,,,
03214,2012,2,2,14,10,225,21,22,13,36
03214,2013,2,2,15,10,225,21,,,
03214,2014,2,2,14,9,225,21,23,14,36
03214,2015,2,2,15,9,225,21,,,
03214,2016,2,2,15,9,225,21,23,14,36
03214,2017,2,2,14,9,210,21,,,
03214,2018,2,2,14,9,210,21,19,14,36
03214,2019,2,2,13,9,210,21,,,
03214,2020,2,2,13,9,210,21,23,14,41
03214,2021,2,2,13,9,210,21,,,
03214,2022,2,2,13,9,210,21,24,14,44
03214,2023,2,2,14,9,210,21,,,
03215,2010,10,9,88,51,1779,329,201,75,174
03215,2011,10,9,89,49,1672,317,,,
03215,2012,10,9,94,50,1672,317,218,78,180
03215,2013,10,9,94,52,1672,317,,,
03215,2014,9,8,88,51,1612,235,204,76,177
03215,2015,9,8,89,51,1611,216,,,
03215,2016,9,8,92,52,1611,197,205,78,190
03215,2017,9,8,90,51,1611,175,,,
03215,2018,9,8,91,49,1611,148,210,77,202
03215,2019,9,8,91,49,1603,136,,,
03215,2020,9,8,89,49,1599,98,207,79,214
03215,2021,9,8,92,50,1559,98,,,
03215,2022,9,8,92,50,1559,98,204,60,209
03215,2023,9,8,86,50,1559,98,,,
03216,2014,2,2,27,21,329,10,37,27,44
03216,2015,2,2,26,21,329,10,,,
03216,2016,2,2,26,21,230,10,42,26,47
03216,2017,2,2,25,20,230,10,,,
03216,2018,2,2,25,20,230,10,34,26,50
03216,2019,2,2,23,20,230,10,,,
03216,2020,2,2,23,19,230,10,35,26,53
03216,2021,2,2,23,18,230,10,,,
03216,2022,2,2,23,19,230,10,36,26,59
03216,2023,2,2,23,19,230,10,,,
03301,2010,2,2,14,7,188,54,19,6,14
03301,2011,2,2,13,6,188,54,,,
03301,2012,2,2,13,6,188,42,15,6,17
03301,2013,2,2,11,6,188,42,,,
03301,2014,2,2,12,6,188,42,15,7,17
03301,2015,2,2,12,6,188,28,,,
03301,2016,2,2,12,6,188,28,17,7,20
03301,2017,2,2,11,6,188,28,,,
03301,2018,2,2,12,6,188,28,16,7,19
03301,2019,2,2,13,6,188,28,,,
03301,2020,2,2,10,6,188,28,18,8,19
03301,2021,2,2,10,5,188,28,,,
03301,2022,2,2,10,5,188,28,14,7,18
03301,2023,2,2,10,5,188,28,,,
03302,2010,1,1,5,3,78,19,8,4,8
03302,2011,1,1,5,3,78,19,,,
03302,2012,1,1,4,3,78,19,8,4,8
03302,2013,1,1,4,3,78,19,,,
03302,2014,1,1,4,3,78,19,10,4,7
03302,2015,1,1,3,3,78,19,,,
03302,2016,1,1,3,3,78,19,9,4,7
03302,2017,1,1,3,3,78,19,,,
03302,2018,1,1,3,3,78,19,9,4,8
03302,2019,1,1,3,3,78,19,,,
03302,2020,1,1,3,3,60,19,6,4,7
03302,2021,1,1,3,3,60,19,,,
03302,2022,1,1,2,3,60,0,7,4,6
03302,2023,1,1,2,3,60,0,,,
03303,2010,1,1,11,5,60,19,12,9,12
03303,2011,0,0,12,5,0,38,,,
03303,2012,0,0,13,5,0,38,11,9,7
03303,2013,0,0,14,5,0,38,,,
03303,2014,0,0,13,5,0,38,10,11,10
03303,2015,0,0,13,4,0,38,,,
03303,2016,0,0,13,5,0,38,12,9,11
03303,2017,0,0,13,5,0,38,,,
03303,2018,0,0,13,5,0,38,10,9,14
03303,2019,0,0,13,5,0,38,,,
03303,2020,0,0,12,5,0,38,11,9,11
03303,2021,0,0,12,5,0,38,,,
03303,2022,0,0,12,5,0,38,10,9,14
03303,2023,0,0,13,5,0,38,,,
03305,2010,2,2,28,21,329,36,34,25,35
03305,2011,2,2,28,21,329,36,,,
03305,2012,2,2,27,21,329,36,34,26,37
03305,2013,2,2,27,21,329,36,,,
03321,2010,1,0,18,12,289,70,22,12,28
03321,2011,1,0,18,12,289,70,,,
03321,2012,1,0,18,13,289,51,22,14,31
03321,2013,1,0,18,13,289,51,,,
03321,2014,1,0,18,13,289,32,24,15,31
03321,2015,1,0,18,12,289,32,,,
03321,2016,1,0,18,12,289,32,25,15,32
03321,2017,1,0,18,12,289,32,,,
03321,2018,1,0,18,13,289,32,23,16,38
03321,2019,1,0,18,13,289,32,,,
03321,2020,1,0,18,12,289,32,26,16,36
03321,2021,1,0,18,12,286,32,,,
03321,2022,1,0,19,12,286,32,28,14,43
03321,2023,1,0,18,12,286,27,,,
03322,2010,2,2,15,13,234,69,31,18,73
03322,2011,2,2,17,13,234,69,,,
03322,2012,2,2,17,13,234,69,49,31,74
03322,2013,2,2,19,14,234,50,,,
03322,2014,2,2,19,15,234,50,59,37,78
03322,2015,2,2,19,15,234,50,,,
03322,2016,2,2,20,14,234,69,54,40,80
03322,2017,2,2,19,15,234,69,,,
03322,2018,3,3,19,14,294,57,60,40,80
03322,2019,3,3,20,13,294,57,,,
03322,2020,4,4,19,13,1300,38,554,62,169
03322,2021,4,4,20,13,1300,38,,,
03322,2022,4,4,21,13,1300,19,564,49,183
03322,2023,4,4,19,13,1300,19,,,
03366,2010,1,1,6,2,40,29,9,4,5
03366,2011,1,1,7,2,40,29,,,
03366,2012,1,1,7,2,40,29,9,4,5
03366,2013,1,1,7,2,40,11,,,
03366,2014,1,1,7,2,40,11,9,5,4
03366,2015,1,1,7,2,40,11,,,
03366,2016,1,1,7,2,40,11,8,5,5
03366,2017,1,1,6,2,40,11,,,
03366,2018,1,1,5,2,40,11,6,6,5
03366,2019,1,1,5,2,40,11,,,
03366,2020,1,1,5,2,40,11,7,5,6
03366,2021,1,1,5,2,40,11,,,
03366,2022,1,1,5,2,40,11,8,4,7
03366,2023,1,1,5,2,40,0,,,
03381,2010,0,0,12,6,0,19,17,10,13
03381,2011,0,0,12,6,0,19,,,
03381,2012,0,0,12,6,0,19,19,9,17
03381,2013,0,0,11,6,0,19,,,
03381,2014,0,0,10,6,0,19,13,11,16
03381,2015,0,0,11,6,0,19,,,
03381,2016,0,0,11,6,0,19,16,9,11
03381,2017,0,0,12,6,0,19,,,
03381,2018,0,0,12,6,0,0,15,8,11
03381,2019,0,0,12,6,0,0,,,
03381,2020,0,0,12,6,0,0,15,8,10
03381,2021,0,0,13,6,0,0,,,
03381,2022,0,0,17,6,0,0,10,6,11
03381,2023,0,0,15,6,0,0,,,
03402,2010,0,0,2,2,0,0,3,2,4
03402,2011,0,0,2,2,0,0,,,
03402,2012,0,0,2,2,0,0,2,2,5
03402,2013,0,0,2,2,0,0,,,
03402,2014,0,0,2,2,0,0,2,2,5
03402,2015,0,0,2,2,0,0,,,
03402,2016,0,0,2,2,0,0,2,2,5
03402,2017,0,0,3,2,0,0,,,
03402,2018,0,0,3,2,0,0,2,2,5
03402,2019,0,0,3,2,0,0,,,
03402,2020,0,0,3,2,0,0,2,2,7
03402,2021,0,0,4,2,0,0,,,
03402,2022,0,0,4,2,0,0,2,2,7
03402,2023,0,0,4,2,0,0,,,
03422,2010,1,1,1,2,54,0,7,2,5
03441,2010,0,0,5,2,0,19,6,3,2
03441,2011,0,0,5,2,0,19,,,
03441,2012,0,0,5,2,0,19,6,3,2
03441,2013,0,0,5,2,0,19,,,
03441,2014,0,0,5,2,0,19,6,3,2
03441,2015,0,0,5,2,0,19,,,
03441,2016,0,0,3,2,0,19,5,3,2
03441,2017,0,0,2,2,0,19,,,
03441,2018,0,0,2,2,0,19,5,4,3
03441,2019,0,0,2,2,0,19,,,
03441,2020,0,0,2,2,0,19,4,4,3
03441,2021,0,0,2,2,0,19,,,
03441,2022,0,0,2,2,0,19,3,5,2
03441,2023,0,0,5,2,0,19,,,
03461,2010,1,1,9,6,121,5,10,7,13
03461,2011,0,0,9,1,0,0,,,
03461,2012,0,0,9,1,0,0,9,3,15
03461,2013,0,0,9,2,0,0,,,
03461,2014,0,0,8,3,0,0,9,3,13
03461,2015,0,0,8,3,0,0,,,
03461,2016,1,1,7,3,50,0,11,4,14
03461,2017,1,1,6,3,50,0,,,
03461,2018,1,1,6,3,50,0,9,4,15
03461,2019,1,1,6,3,50,0,,,
03461,2020,1,1,7,3,50,0,12,4,15
03461,2021,1,1,7,3,50,0,,,
03461,2022,1,1,8,3,50,0,11,4,15
03461,2023,1,1,9,3,50,0,,,
03482,2010,1,1,6,5,60,22,10,7,21
03482,2011,0,0,5,3,0,0,,,
03482,2012,0,0,5,3,0,0,8,5,15
03482,2013,0,0,5,3,0,0,,,
03482,2014,0,0,5,3,0,0,8,5,16
03482,2015,0,0,5,3,0,0,,,
03482,2016,1,1,3,3,50,0,8,5,18
03482,2017,1,1,3,3,50,0,,,
03482,2018,1,1,3,3,50,0,7,3,15
03482,2019,1,1,3,3,50,0,,,
03482,2020,1,1,3,3,50,0,6,3,17
03482,2021,1,1,3,3,50,0,,,
03482,2022,1,1,3,3,50,0,8,3,15
03482,2023,1,1,3,2,50,0,,,
03483,2010,1,1,7,5,98,12,8,5,3
03483,2011,1,1,7,5,98,12,,,
03483,2012,1,1,7,5,98,12,7,5,3
03483,2013,1,1,7,5,98,12,,,
03483,2014,1,1,7,5,98,12,7,5,3
03483,2015,1,1,7,5,98,12,,,
03483,2016,1,1,7,5,98,12,6,5,3
03483,2017,1,1,7,5,98,12,,,
03483,2018,1,1,7,4,98,12,8,6,3
03483,2019,1,1,7,4,92,12,,,
03483,2020,1,1,7,4,92,12,7,6,4
03483,2021,1,1,7,4,92,12,,,
03483,2022,1,1,7,3,92,0,5,5,5
03483,2023,1,1,7,3,92,0,,,
03484,2010,0,0,3,2,0,0,1,2,1
03484,2011,0,0,3,1,0,0,,,
03484,2012,0,0,3,2,0,0,1,2,1
03484,2013,0,0,3,2,0,0,,,
03484,2014,0,0,3,2,0,0,1,2,1
03484,2015,0,0,3,2,0,0,,,
03484,2016,0,0,3,2,0,0,0,2,1
03484,2017,0,0,3,2,0,0,,,
03484,2018,0,0,3,2,0,0,1,2,1
03484,2019,0,0,3,2,0,0,,,
03484,2020,0,0,3,2,0,0,1,2,1
03484,2021,0,0,3,2,0,0,,,
03484,2022,0,0,3,2,0,0,1,2,1
03484,2023,0,0,3,2,0,0,,,
03485,2010,0,0,2,1,0,13,1,1,1
03485,2011,0,0,2,1,0,13,,,
03485,2012,0,0,2,1,0,13,1,1,1
03485,2013,0,0,2,1,0,13,,,
03485,2014,0,0,2,1,0,13,1,1,1
03485,2015,0,0,2,1,0,13,,,
03485,2016,0,0,2,1,0,13,1,1,1
03485,2017,0,0,2,1,0,13,,,
03485,2018,0,0,2,1,0,13,1,1,1
03485,2019,0,0,2,1,0,13,,,
03485,2020,0,0,2,1,0,13,1,1,1
03485,2021,0,0,2,1,0,13,,,
03485,2022,0,0,2,1,0,13,1,1,1
03485,2023,0,0,2,1,0,13,,,
03501,2010,1,1,6,3,105,0,9,5,9
03501,2011,1,1,6,3,105,0,,,
03501,2012,1,1,6,3,105,0,9,5,8
03501,2013,1,1,6,3,105,0,,,
03501,2014,1,1,6,3,105,0,9,5,8
03501,2015,1,1,6,3,105,0,,,
03501,2016,1,1,6,3,105,0,8,4,9
03501,2017,1,1,6,3,99,0,,,
03501,2018,1,1,6,3,99,0,8,3,9
03501,2019,1,1,6,3,99,0,,,
03501,2020,1,1,5,3,98,0,9,3,10
03501,2021,1,1,5,3,98,0,,,
03501,2022,1,1,6,3,98,0,8,3,11
03501,2023,1,1,6,3,98,0,,,
03503,2010,0,0,2,1,0,0,1,1,2
03503,2011,0,0,2,1,0,0,,,
03503,2012,0,0,3,1,0,0,1,1,2
03503,2013,0,0,3,1,0,0,,,
03503,2014,0,0,3,1,0,0,1,1,2
03503,2015,0,0,3,1,0,0,,,
03503,2016,0,0,3,1,0,0,1,1,2
03503,2017,0,0,3,1,0,0,,,
03503,2018,0,0,3,1,0,0,1,1,2
03503,2019,0,0,3,1,0,0,,,
03503,2020,0,0,3,1,0,0,1,2,2
03503,2021,0,0,4,1,0,0,,,
03503,2022,0,0,4,1,0,0,1,2,2
03503,2023,0,0,4,1,0,0,,,
03506,2010,0,0,2,1,0,19,2,1,3
03506,2011,0,0,2,1,0,19,,,
03506,2012,0,0,3,1,0,19,2,1,3
03506,2013,0,0,3,1,0,19,,,
03506,2014,0,0,3,1,0,19,2,1,2
03506,2015,0,0,3,1,0,19,,,
03506,2016,0,0,3,1,0,19,2,1,3
03506,2017,0,0,3,1,0,19,,,
03506,2018,0,0,3,1,0,19,1,1,3
03506,2019,0,0,3,1,0,19,,,
03506,2020,0,0,3,1,0,19,1,1,3
03506,2021,0,0,3,0,0,19,,,
03506,2022,0,0,3,0,0,19,1,0,3
03506,2023,0,0,3,0,0,19,,,
03507,2010,1,1,5,5,96,6,7,4,5
03507,2011,1,1,5,5,45,6,,,
03507,2012,1,1,6,5,45,6,7,4,4
03507,2013,1,1,6,5,45,6,,,
03507,2014,1,1,5,5,45,6,7,5,4
03507,2015,1,1,5,5,45,6,,,
03507,2016,1,1,5,5,45,6,7,5,4
03507,2017,1,1,5,5,45,6,,,
03507,2018,1,1,6,5,41,6,8,5,4
03507,2019,1,1,6,5,41,6,,,
03507,2020,1,1,6,5,41,6,7,5,4
03507,2021,1,1,6,5,41,6,,,
03507,2022,1,1,6,5,41,6,5,5,4
03507,2023,1,1,5,5,41,6,,,
03524,2010,1,1,7,5,325,19,18,6,20
03524,2011,1,1,7,5,325,19,,,
03524,2012,1,1,7,5,325,19,19,6,20
03524,2013,1,1,7,5,325,19,,,
03524,2014,1,1,8,5,324,19,16,6,24
03524,2015,1,1,8,5,324,19,,,
03524,2016,1,1,8,5,324,19,16,6,24
03524,2017,1,1,8,5,324,19,,,
03524,2018,1,1,10,5,324,19,21,7,23
03524,2019,1,1,10,5,199,19,,,
03524,2020,1,1,10,5,199,19,22,8,23
03524,2021,1,1,10,5,199,19,,,
03524,2022,1,1,10,5,199,19,21,8,24
03524,2023,1,1,10,5,199,19,,,
