code,year,births,deaths,marriages,divorces,in_migr,out_migr
03000,2010,9745,15756,5724,2327,,
03000,2011,9310,22335,5346,2038,,
03000,2012,9277,16072,5629,1975,,
03000,2013,9231,15970,5398,2003,,
03000,2014,8803,16274,5482,1855,18300,21612
03000,2015,8814,16502,5243,1956,18137,22430
03000,2016,8342,16959,4873,1877,17733,21720
03000,2017,8175,17232,4775,1861,17423,21845
03000,2018,7615,17390,4439,1843,17108,22133
03000,2019,6974,17826,4489,1754,17682,22208
03000,2020,6718,17204,3918,1679,16313,20264
03000,2021,6472,17631,3673,1459,16971,19983
03000,2022,5788,19342,3508,1492,16894,21267
03000,2023,5432,19612,3376,1488,16220,20843
03000,2024,,,,,15538,20411
03201,2010,2542,2526,1553,516,,
03201,2011,2443,2769,1480,462,,
03201,2012,2477,2798,1603,500,,
03201,2013,2476,2723,1527,519,,
03201,2014,2401,2887,1588,463,,
03201,2015,2379,2945,1506,447,,
03201,2016,2289,2968,1358,486,,
03201,2017,2245,3050,1382,465,,
03201,2018,2076,3087,1289,462,11208,12014
03201,2019,2004,3130,1344,446,11155,11833
03201,2020,1873,3135,1184,430,10855,11282
03201,2021,1938,3353,1116,368,10881,10952
03201,2022,1710,3670,1094,364,10289,10949
03201,2023,1596,3737,1022,377,10065,10816
03201,2024,,,,,9496,10264
03202,2010,364,807,226,95,,
03202,2011,345,1326,215,85,,
03202,2012,381,813,220,81,,
03202,2013,370,761,211,70,,
03202,2014,347,788,216,93,,
03202,2015,388,865,220,88,,
03202,2016,325,874,207,76,,
03202,2017,316,843,196,78,,
03202,2018,341,911,165,71,1337,1925
03202,2019,287,943,184,71,1263,1795
03202,2020,265,861,158,79,1087,1656
03202,2021,245,827,127,45,1050,1750
03202,2022,204,934,121,34,1054,1568
03202,2023,215,982,108,52,1048,1465
03202,2024,,,,,839,1329
03203,2010,260,511,159,67,,
03203,2011,239,1001,156,49,,
03203,2012,249,489,159,53,,
03203,2013,205,535,157,54,,
03203,2014,240,497,150,50,,
03203,2015,267,556,159,69,,
03203,2016,233,553,137,65,,
03203,2017,212,579,132,45,,
03203,2018,197,607,121,62,895,1499
03203,2019,177,650,147,58,831,1522
03203,2020,165,570,106,45,783,1150
03203,2021,137,601,81,47,734,1081
03203,2022,135,590,98,36,748,1156
03203,2023,126,614,103,47,727,1044
03203,2024,,,,,615,961
03205,2010,709,1247,414,182,,
03205,2011,688,1291,376,169,,
03205,2012,659,1247,393,169,,
03205,2013,681,1287,385,148,,
03205,2014,673,1320,417,156,,
03205,2015,642,1281,373,142,,
03205,2016,596,1384,366,157,,
03205,2017,604,1458,347,141,,
03205,2018,565,1508,325,132,2171,2308
03205,2019,498,1409,307,140,2406,2356
03205,2020,492,1407,308,120,2257,2205
03205,2021,459,1443,292,118,2320,2248
03205,2022,454,1609,277,124,2320,2349
03205,2023,405,1590,249,108,2169,2421
03205,2024,,,,,2103,2276
03206,2010,804,885,471,186,,
03206,2011,818,948,453,177,,
03206,2012,785,947,536,158,,
03206,2013,827,943,499,179,,
03206,2014,782,901,461,153,,
03206,2015,739,895,442,178,,
03206,2016,691,1000,434,187,,
03206,2017,721,1054,416,155,,
03206,2018,633,1025,431,171,3130,2923
03206,2019,623,1138,389,152,3508,3210
03206,2020,565,1061,358,161,3315,2996
03206,2021,563,1088,350,151,3585,2955
03206,2022,500,1133,349,150,3570,3350
03206,2023,499,1215,343,159,3460,3450
03206,2024,,,,,3524,3325
03207,2010,277,438,168,68,,
03207,2011,309,434,160,64,,
03207,2012,276,422,134,45,,
03207,2013,251,470,154,54,,
03207,2014,283,441,139,54,,
03207,2015,251,438,150,47,,
03207,2016,240,510,123,50,,
03207,2017,223,482,127,61,,
03207,2018,197,486,122,55,920,1107
03207,2019,172,499,129,41,948,1097
03207,2020,195,492,90,42,806,1090
03207,2021,166,497,93,47,714,1110
03207,2022,134,556,85,48,815,1089
03207,2023,137,547,81,45,665,947
03207,2024,,,,,639,956
03208,2010,194,437,101,44,,
03208,2011,177,489,101,45,,
03208,2012,186,446,115,42,,
03208,2013,189,496,91,39,,
03208,2014,159,427,93,25,,
03208,2015,155,436,74,37,,
03208,2016,146,476,81,28,,
03208,2017,136,505,91,41,,
03208,2018,151,522,65,35,524,768
03208,2019,127,528,87,31,497,697
03208,2020,126,500,57,22,473,631
03208,2021,116,466,58,37,452,571
03208,2022,97,471,52,23,547,652
03208,2023,93,523,54,27,544,665
03208,2024,,,,,477,626
03209,2010,867,1655,457,202,,
03209,2011,800,1849,433,192,,
03209,2012,817,1884,434,159,,
03209,2013,799,1795,413,196,,
03209,2014,754,1865,435,149,,
03209,2015,709,1863,446,185,,
03209,2016,698,1899,381,156,,
03209,2017,644,1959,370,170,,
03209,2018,629,1953,371,170,2457,2929
03209,2019,549,1957,336,128,2219,2951
03209,2020,553,1780,325,148,2178,2789
03209,2021,484,1895,262,91,2173,2563
03209,2022,440,2093,255,146,2142,2848
03209,2023,451,2117,274,132,2270,2924
03209,2024,,,,,2164,2668
03210,2010,119,324,88,44,,
03210,2011,90,1996,59,31,,
03210,2012,91,278,61,38,,
03210,2013,110,282,64,25,,
03210,2014,87,290,58,29,,
03210,2015,111,289,90,26,,
03210,2016,99,305,83,29,,
03210,2017,105,295,62,28,,
03210,2018,88,324,66,24,480,575
03210,2019,83,323,51,18,489,519
03210,2020,95,347,47,22,428,459
03210,2021,78,276,44,24,395,485
03210,2022,60,363,34,15,374,439
03210,2023,61,364,43,15,420,421
03210,2024,,,,,339,450
03211,2010,194,620,139,72,,
03211,2011,227,1617,135,48,,
03211,2012,222,606,128,47,,
03211,2013,233,593,147,42,,
03211,2014,208,622,130,38,,
03211,2015,211,636,125,50,,
03211,2016,183,630,123,50,,
03211,2017,211,594,128,60,,
03211,2018,177,616,116,50,992,1372
03211,2019,156,638,112,49,941,1295
03211,2020,130,603,100,31,806,1132
03211,2021,150,645,101,33,860,1113
03211,2022,113,696,81,26,886,1115
03211,2023,119,631,77,35,815,1188
03211,2024,,,,,643,1039
03213,2010,190,399,101,53,,
03213,2011,195,434,124,48,,
03213,2012,205,428,122,46,,
03213,2013,191,424,82,39,,
03213,2014,173,413,88,38,,
03213,2015,171,444,104,43,,
03213,2016,156,443,82,35,,
03213,2017,142,455,105,37,,
03213,2018,160,436,79,30,605,777
03213,2019,116,468,96,36,687,839
03213,2020,124,402,53,30,549,715
03213,2021,127,401,62,20,510,702
03213,2022,89,479,64,36,593,747
03213,2023,99,473,63,20,612,711
03213,2024,,,,,535,688
03214,2010,168,403,112,52,,
03214,2011,163,395,100,39,,
03214,2012,149,424,75,33,,
03214,2013,146,400,107,30,,
03214,2014,130,375,101,45,,
03214,2015,143,427,80,34,,
03214,2016,137,444,72,29,,
03214,2017,127,454,74,27,,
03214,2018,115,427,58,23,526,611
03214,2019,107,478,62,26,521,760
03214,2020,86,418,77,28,538,663
03214,2021,99,437,46,25,470,622
03214,2022,93,482,34,26,513,547
03214,2023,56,458,35,21,419,550
03214,2024,,,,,482,623
03215,2010,936,1613,544,228,,
03215,2011,905,1727,459,181,,
03215,2012,880,1600,512,162,,
03215,2013,879,1565,470,177,,
03215,2014,781,1742,496,168,,
03215,2015,846,1646,438,176,,
03215,2016,766,1683,453,171,,
03215,2017,778,1620,402,183,,
03215,2018,696,1695,359,149,2354,2795
03215,2019,623,1703,389,159,2453,2651
03215,2020,627,1728,349,178,2275,2660
03215,2021,596,1748,325,123,2382,2638
03215,2022,548,1903,291,148,2567,2741
03215,2023,458,2011,291,125,2293,2739
03215,2024,,,,,2116,2691
03216,2014,480,417,277,96,,
03216,2015,470,441,234,109,,
03216,2016,448,406,245,92,,
03216,2017,429,462,283,95,,
03216,2018,408,459,232,94,2472,2570
03216,2019,395,457,232,113,2569,2664
03216,2020,405,485,202,78,2554,2357
03216,2021,385,484,213,89,2284,2107
03216,2022,345,518,189,92,2045,2248
03216,2023,321,561,179,85,1994,2111
03216,2024,,,,,1855,2082
03301,2010,120,222,65,39,,
03301,2011,92,244,55,27,,
03301,2012,104,247,65,27,,
03301,2013,93,239,62,38,,
03301,2014,99,225,58,29,,
03301,2015,95,228,62,20,,
03301,2016,109,231,59,24,,
03301,2017,92,253,47,19,,
03301,2018,76,239,39,35,330,415
03301,2019,71,251,45,24,312,459
03301,2020,64,278,37,22,316,377
03301,2021,56,259,35,20,333,436
03301,2022,48,279,32,20,331,341
03301,2023,44,275,34,11,312,345
03301,2024,,,,,289,338
03302,2010,38,144,23,9,,
03302,2011,36,161,14,7,,
03302,2012,31,155,16,10,,
03302,2013,31,159,17,7,,
03302,2014,29,151,27,8,,
03302,2015,30,142,16,5,,
03302,2016,22,132,10,2,,
03302,2017,23,138,16,6,,
03302,2018,20,117,8,6,101,158
03302,2019,21,142,17,7,109,175
03302,2020,22,122,13,4,98,140
03302,2021,19,115,6,4,119,149
03302,2022,22,143,7,6,125,140
03302,2023,11,150,6,7,108,143
03302,2024,,,,,107,139
03303,2010,77,215,54,23,,
03303,2011,80,225,46,14,,
03303,2012,74,229,39,21,,
03303,2013,78,221,46,18,,
03303,2014,73,199,50,15,,
03303,2015,69,256,53,16,,
03303,2016,64,211,48,9,,
03303,2017,57,244,49,10,,
03303,2018,70,232,37,16,311,409
03303,2019,56,220,26,12,283,405
03303,2020,63,246,24,9,286,396
03303,2021,47,253,26,15,220,381
03303,2022,45,270,22,13,287,373
03303,2023,39,235,28,15,263,371
03303,2024,,,,,259,339
03305,2010,541,356,295,114,,
03305,2011,467,392,288,98,,
03305,2012,518,373,274,94,,
03305,2013,469,363,278,105,,
03321,2010,227,371,142,54,,
03321,2011,222,373,114,53,,
03321,2012,216,409,125,59,,
03321,2013,225,370,143,51,,
03321,2014,216,367,124,47,,
03321,2015,212,366,136,47,,
03321,2016,198,385,112,48,,
03321,2017,209,373,111,46,,
03321,2018,189,392,100,58,947,938
03321,2019,183,371,96,62,1105,974
03321,2020,181,403,95,37,1187,909
03321,2021,192,408,88,42,1145,917
03321,2022,192,449,103,36,968,885
03321,2023,186,450,78,40,953,874
03321,2024,,,,,934,848
03322,2010,219,215,112,51,,
03322,2011,195,252,109,47,,
03322,2012,192,217,113,49,,
03322,2013,206,245,103,43,,
03322,2014,159,236,124,33,,
03322,2015,231,258,132,65,,
03322,2016,206,255,108,38,,
03322,2017,226,248,91,45,,
03322,2018,197,234,134,47,1121,1126
03322,2019,188,276,108,46,1237,1095
03322,2020,180,235,86,35,909,1109
03322,2021,170,267,82,33,1022,1124
03322,2022,141,308,90,38,986,1171
03322,2023,143,291,92,29,1024,1105
03322,2024,,,,,1105,1090
03366,2010,31,122,25,8,,
03366,2011,28,138,12,7,,
03366,2012,25,119,25,10,,
03366,2013,21,128,18,1,,
03366,2014,26,115,12,5,,
03366,2015,26,109,17,8,,
03366,2016,29,117,9,3,,
03366,2017,21,113,15,5,,
03366,2018,15,128,9,5,91,135
03366,2019,13,108,9,5,89,138
03366,2020,13,124,7,5,78,137
03366,2021,10,115,13,3,99,123
03366,2022,9,165,6,1,88,138
03366,2023,7,134,6,7,65,132
03366,2024,,,,,68,128
03381,2010,123,187,64,24,,
03381,2011,134,191,99,24,,
03381,2012,120,164,78,34,,
03381,2013,118,212,83,25,,
03381,2014,117,176,68,27,,
03381,2015,113,194,73,35,,
03381,2016,135,212,65,9,,
03381,2017,114,226,54,16,,
03381,2018,104,198,58,28,529,529
03381,2019,99,228,76,24,655,538
03381,2020,106,195,45,29,566,534
03381,2021,90,209,67,25,638,650
03381,2022,97,248,48,17,584,618
03381,2023,83,208,45,22,653,589
03381,2024,,,,,620,567
03402,2010,51,137,34,8,,
03402,2011,47,134,25,7,,
03402,2012,46,109,24,9,,
03402,2013,60,116,27,18,,
03402,2014,43,111,36,8,,
03402,2015,52,132,30,7,,
03402,2016,46,118,19,10,,
03402,2017,47,118,20,13,,
03402,2018,48,122,16,5,146,203
03402,2019,33,121,14,11,145,214
03402,2020,30,122,11,11,120,182
03402,2021,24,121,13,6,140,128
03402,2022,26,162,12,5,119,196
03402,2023,25,147,12,8,142,191
03402,2024,,,,,136,147
03422,2010,49,153,36,11,,
03422,2011,36,129,16,6,,
03441,2010,28,110,9,10,,
03441,2011,28,128,16,6,,
03441,2012,20,106,14,10,,
03441,2013,25,120,14,5,,
03441,2014,28,110,21,8,,
03441,2015,24,115,16,8,,
03441,2016,18,102,19,7,,
03441,2017,23,113,15,2,,
03441,2018,25,106,12,7,111,131
03441,2019,25,116,8,5,118,151
03441,2020,19,101,7,5,94,175
03441,2021,18,126,11,5,84,144
03441,2022,11,104,4,7,80,158
03441,2023,14,131,13,3,104,127
03441,2024,,,,,72,117
03461,2010,103,251,57,25,,
03461,2011,92,1414,38,15,,
03461,2012,69,175,48,18,,
03461,2013,70,167,54,18,,
03461,2014,79,181,42,15,,
03461,2015,76,171,36,18,,
03461,2016,73,171,40,17,,
03461,2017,72,214,29,11,,
03461,2018,70,183,39,15,382,405
03461,2019,60,211,38,11,291,397
03461,2020,54,207,33,15,237,339
03461,2021,52,204,38,19,242,342
03461,2022,51,209,26,19,264,335
03461,2023,36,213,26,15,203,271
03461,2024,,,,,213,280
03482,2010,126,282,49,35,,
03482,2011,85,1023,48,38,,
03482,2012,91,262,73,22,,
03482,2013,101,218,55,21,,
03482,2014,75,218,55,26,,
03482,2015,83,248,61,25,,
03482,2016,94,245,66,34,,
03482,2017,97,231,58,18,,
03482,2018,84,249,51,16,364,496
03482,2019,61,264,41,13,358,472
03482,2020,74,234,35,31,332,413
03482,2021,70,264,37,12,317,376
03482,2022,62,262,37,14,282,404
03482,2023,60,257,27,22,294,339
03482,2024,,,,,274,426
03483,2010,47,202,18,13,,
03483,2011,56,221,29,7,,
03483,2012,59,222,40,8,,
03483,2013,64,210,23,14,,
03483,2014,40,226,37,13,,
03483,2015,54,190,26,6,,
03483,2016,68,224,36,6,,
03483,2017,42,175,17,14,,
03483,2018,36,187,26,12,267,317
03483,2019,48,204,28,10,224,299
03483,2020,34,199,25,9,176,317
03483,2021,37,182,11,8,161,285
03483,2022,19,223,19,7,168,255
03483,2023,20,226,15,12,170,250
03483,2024,,,,,135,185
03484,2010,25,68,13,8,,
03484,2011,28,96,17,9,,
03484,2012,31,68,25,5,,
03484,2013,23,57,9,6,,
03484,2014,22,62,11,5,,
03484,2015,16,68,7,4,,
03484,2016,30,67,14,4,,
03484,2017,21,73,11,2,,
03484,2018,12,72,5,3,76,116
03484,2019,9,70,6,4,53,102
03484,2020,11,70,4,3,58,112
03484,2021,6,66,4,4,65,82
03484,2022,6,70,7,3,67,55
03484,2023,10,58,3,5,53,83
03484,2024,,,,,73,80
03485,2010,19,37,13,4,,
03485,2011,16,49,8,8,,
03485,2012,14,43,7,5,,
03485,2013,17,50,7,3,,
03485,2014,19,47,6,4,,
03485,2015,10,41,3,1,,
03485,2016,7,42,7,1,,
03485,2017,17,54,8,4,,
03485,2018,15,46,7,6,61,79
03485,2019,11,48,9,3,43,95
03485,2020,11,50,6,2,59,77
03485,2021,8,54,7,3,51,90
03485,2022,8,51,5,3,47,53
03485,2023,9,60,2,3,33,65
03485,2024,,,,,53,78
03501,2010,57,165,24,16,,
03501,2011,51,160,26,12,,
03501,2012,52,148,26,9,,
03501,2013,39,141,26,6,,
03501,2014,49,190,23,12,,
03501,2015,34,161,21,11,,
03501,2016,46,176,32,7,,
03501,2017,46,164,25,12,,
03501,2018,50,166,20,8,180,253
03501,2019,33,167,19,14,142,209
03501,2020,30,147,19,10,122,216
03501,2021,23,160,11,13,141,219
03501,2022,24,209,12,6,139,201
03501,2023,20,174,15,9,133,175
03501,2024,,,,,120,183
03503,2010,29,62,25,5,,
03503,2011,22,87,16,9,,
03503,2012,28,52,20,2,,
03503,2013,30,73,15,5,,
03503,2014,34,67,13,5,,
03503,2015,27,53,20,2,,
03503,2016,29,71,7,4,,
03503,2017,23,64,7,6,,
03503,2018,35,64,7,5,95,125
03503,2019,20,67,10,3,108,90
03503,2020,19,60,4,6,96,101
03503,2021,17,61,5,2,73,95
03503,2022,19,77,7,4,94,112
03503,2023,16,77,7,6,93,73
03503,2024,,,,,71,92
03506,2010,28,107,19,8,,
03506,2011,37,115,18,9,,
03506,2012,28,130,24,9,,
03506,2013,39,93,16,11,,
03506,2014,37,118,22,9,,
03506,2015,39,107,17,8,,
03506,2016,30,98,13,8,,
03506,2017,26,104,16,6,,
03506,2018,20,114,11,3,80,115
03506,2019,26,98,12,5,87,110
03506,2020,11,87,13,1,96,117
03506,2021,17,115,3,1,93,126
03506,2022,18,99,6,5,77,121
03506,2023,8,112,12,4,67,103
03506,2024,,,,,73,139
03507,2010,98,252,70,39,,
03507,2011,96,259,55,29,,
03507,2012,108,216,53,27,,
03507,2013,94,248,55,23,,
03507,2014,98,257,64,18,,
03507,2015,89,254,46,28,,
03507,2016,76,263,37,22,,
03507,2017,71,295,43,23,,
03507,2018,61,254,38,25,309,404
03507,2019,58,281,42,20,292,440
03507,2020,51,290,27,11,257,422
03507,2021,38,244,23,16,242,335
03507,2022,34,268,27,11,277,350
03507,2023,37,325,24,11,234,315
03507,2024,,,,,271,310
03524,2010,85,233,44,14,,
03524,2011,63,268,46,16,,
03524,2012,74,246,48,14,,
03524,2013,71,266,40,13,,
03524,2014,62,233,40,11,,
03524,2015,52,247,30,11,,
03524,2016,55,264,27,13,,
03524,2017,55,222,28,17,,
03524,2018,55,231,23,15,206,276
03524,2019,42,262,20,7,211,323
03524,2020,44,245,13,20,187,271
03524,2021,35,247,23,10,190,298
03524,2022,34,249,14,9,191,306
03524,2023,28,266,9,11,237,262
03524,2024,,,,,217,326
