code,year,type,count
03201,2016,ひったくり,0
03201,2016,オートバイ盗,2
03201,2016,自動販売機ねらい,0
03201,2016,自動車盗,0
03201,2016,自転車盗,0
03201,2016,車上ねらい,0
03201,2016,部品ねらい,0
03201,2017,ひったくり,0
03201,2017,オートバイ盗,0
03201,2017,自動販売機ねらい,0
03201,2017,自動車盗,0
03201,2017,自転車盗,6
03201,2017,車上ねらい,1
03201,2017,部品ねらい,0
03201,2018,ひったくり,0
03201,2018,オートバイ盗,2
03201,2018,自動販売機ねらい,14
03201,2018,自動車盗,3
03201,2018,自転車盗,301
03201,2018,車上ねらい,49
03201,2018,部品ねらい,9
03201,2019,ひったくり,0
03201,2019,オートバイ盗,1
03201,2019,自動販売機ねらい,11
03201,2019,自動車盗,2
03201,2019,自転車盗,228
03201,2019,車上ねらい,33
03201,2019,部品ねらい,5
03201,2020,ひったくり,0
03201,2020,オートバイ盗,2
03201,2020,自動販売機ねらい,11
03201,2020,自動車盗,1
03201,2020,自転車盗,184
03201,2020,車上ねらい,25
03201,2020,部品ねらい,9
03201,2021,ひったくり,0
03201,2021,オートバイ盗,1
03201,2021,自動販売機ねらい,2
03201,2021,自動車盗,0
03201,2021,自転車盗,159
03201,2021,車上ねらい,22
03201,2021,部品ねらい,4
03201,2022,ひったくり,1
03201,2022,オートバイ盗,1
03201,2022,自動販売機ねらい,6
03201,2022,自動車盗,1
03201,2022,自転車盗,211
03201,2022,車上ねらい,12
03201,2022,部品ねらい,2
03201,2023,ひったくり,0
03201,2023,オートバイ盗,7
03201,2023,自動販売機ねらい,5
03201,2023,自動車盗,0
03201,2023,自転車盗,300
03201,2023,車上ねらい,29
03201,2023,部品ねらい,4
03201,2024,ひったくり,0
03201,2024,オートバイ盗,1
03201,2024,自動販売機ねらい,5
03201,2024,自動車盗,4
03201,2024,自転車盗,403
03201,2024,車上ねらい,18
03201,2024,部品ねらい,7
03201,2025,ひったくり,0
03201,2025,オートバイ盗,2
03201,2025,自動販売機ねらい,7
03201,2025,自動車盗,3
03201,2025,自転車盗,293
03201,2025,車上ねらい,33
03201,2025,部品ねらい,3
03202,2016,ひったくり,0
03202,2016,オートバイ盗,0
03202,2016,自動販売機ねらい,0
03202,2016,自動車盗,0
03202,2016,自転車盗,0
03202,2016,車上ねらい,0
03202,2016,部品ねらい,0
03202,2017,ひったくり,0
03202,2017,オートバイ盗,0
03202,2017,自動販売機ねらい,0
03202,2017,自動車盗,0
03202,2017,自転車盗,1
03202,2017,車上ねらい,0
03202,2017,部品ねらい,0
03202,2018,ひったくり,0
03202,2018,オートバイ盗,1
03202,2018,自動販売機ねらい,1
03202,2018,自動車盗,0
03202,2018,自転車盗,16
03202,2018,車上ねらい,2
03202,2018,部品ねらい,0
03202,2019,ひったくり,0
03202,2019,オートバイ盗,4
03202,2019,自動販売機ねらい,2
03202,2019,自動車盗,2
03202,2019,自転車盗,10
03202,2019,車上ねらい,4
03202,2019,部品ねらい,1
03202,2020,ひったくり,0
03202,2020,オートバイ盗,0
03202,2020,自動販売機ねらい,1
03202,2020,自動車盗,1
03202,2020,自転車盗,6
03202,2020,車上ねらい,3
03202,2020,部品ねらい,2
03202,2021,ひったくり,0
03202,2021,オートバイ盗,0
03202,2021,自動販売機ねらい,0
03202,2021,自動車盗,0
03202,2021,自転車盗,9
03202,2021,車上ねらい,4
03202,2021,部品ねらい,2
03202,2022,ひったくり,0
03202,2022,オートバイ盗,0
03202,2022,自動販売機ねらい,0
03202,2022,自動車盗,0
03202,2022,自転車盗,8
03202,2022,車上ねらい,1
03202,2022,部品ねらい,1
03202,2023,ひったくり,0
03202,2023,オートバイ盗,0
03202,2023,自動販売機ねらい,2
03202,2023,自動車盗,1
03202,2023,自転車盗,5
03202,2023,車上ねらい,2
03202,2023,部品ねらい,0
03202,2024,ひったくり,0
03202,2024,オートバイ盗,0
03202,2024,自動販売機ねらい,0
03202,2024,自動車盗,0
03202,2024,自転車盗,5
03202,2024,車上ねらい,2
03202,2024,部品ねらい,0
03202,2025,ひったくり,0
03202,2025,オートバイ盗,0
03202,2025,自動販売機ねらい,2
03202,2025,自動車盗,0
03202,2025,自転車盗,5
03202,2025,車上ねらい,2
03202,2025,部品ねらい,0
03203,2016,ひったくり,0
03203,2016,オートバイ盗,0
03203,2016,自動販売機ねらい,0
03203,2016,自動車盗,0
03203,2016,自転車盗,0
03203,2016,車上ねらい,0
03203,2016,部品ねらい,0
03203,2017,ひったくり,0
03203,2017,オートバイ盗,0
03203,2017,自動販売機ねらい,0
03203,2017,自動車盗,0
03203,2017,自転車盗,0
03203,2017,車上ねらい,0
03203,2017,部品ねらい,0
03203,2018,ひったくり,0
03203,2018,オートバイ盗,0
03203,2018,自動販売機ねらい,1
03203,2018,自動車盗,0
03203,2018,自転車盗,2
03203,2018,車上ねらい,2
03203,2018,部品ねらい,1
03203,2019,ひったくり,1
03203,2019,オートバイ盗,2
03203,2019,自動販売機ねらい,0
03203,2019,自動車盗,0
03203,2019,自転車盗,2
03203,2019,車上ねらい,6
03203,2019,部品ねらい,1
03203,2020,ひったくり,0
03203,2020,オートバイ盗,0
03203,2020,自動販売機ねらい,0
03203,2020,自動車盗,0
03203,2020,自転車盗,1
03203,2020,車上ねらい,0
03203,2020,部品ねらい,0
03203,2021,ひったくり,0
03203,2021,オートバイ盗,0
03203,2021,自動販売機ねらい,1
03203,2021,自動車盗,0
03203,2021,自転車盗,1
03203,2021,車上ねらい,1
03203,2021,部品ねらい,3
03203,2022,ひったくり,0
03203,2022,オートバイ盗,0
03203,2022,自動販売機ねらい,0
03203,2022,自動車盗,1
03203,2022,自転車盗,3
03203,2022,車上ねらい,0
03203,2022,部品ねらい,1
03203,2023,ひったくり,0
03203,2023,オートバイ盗,0
03203,2023,自動販売機ねらい,0
03203,2023,自動車盗,0
03203,2023,自転車盗,1
03203,2023,車上ねらい,1
03203,2023,部品ねらい,0
03203,2024,ひったくり,0
03203,2024,オートバイ盗,0
03203,2024,自動販売機ねらい,0
03203,2024,自動車盗,2
03203,2024,自転車盗,7
03203,2024,車上ねらい,3
03203,2024,部品ねらい,2
03203,2025,ひったくり,0
03203,2025,オートバイ盗,0
03203,2025,自動販売機ねらい,0
03203,2025,自動車盗,0
03203,2025,自転車盗,1
03203,2025,車上ねらい,3
03203,2025,部品ねらい,7
03205,2016,ひったくり,0
03205,2016,オートバイ盗,0
03205,2016,自動販売機ねらい,0
03205,2016,自動車盗,0
03205,2016,自転車盗,0
03205,2016,車上ねらい,0
03205,2016,部品ねらい,0
03205,2017,ひったくり,0
03205,2017,オートバイ盗,0
03205,2017,自動販売機ねらい,1
03205,2017,自動車盗,0
03205,2017,自転車盗,0
03205,2017,車上ねらい,0
03205,2017,部品ねらい,0
03205,2018,ひったくり,1
03205,2018,オートバイ盗,0
03205,2018,自動販売機ねらい,0
03205,2018,自動車盗,0
03205,2018,自転車盗,36
03205,2018,車上ねらい,24
03205,2018,部品ねらい,2
03205,2019,ひったくり,0
03205,2019,オートバイ盗,0
03205,2019,自動販売機ねらい,1
03205,2019,自動車盗,1
03205,2019,自転車盗,50
03205,2019,車上ねらい,7
03205,2019,部品ねらい,1
03205,2020,ひったくり,0
03205,2020,オートバイ盗,0
03205,2020,自動販売機ねらい,0
03205,2020,自動車盗,0
03205,2020,自転車盗,28
03205,2020,車上ねらい,9
03205,2020,部品ねらい,1
03205,2021,ひったくり,0
03205,2021,オートバイ盗,0
03205,2021,自動販売機ねらい,0
03205,2021,自動車盗,0
03205,2021,自転車盗,14
03205,2021,車上ねらい,8
03205,2021,部品ねらい,1
03205,2022,ひったくり,0
03205,2022,オートバイ盗,0
03205,2022,自動販売機ねらい,0
03205,2022,自動車盗,1
03205,2022,自転車盗,32
03205,2022,車上ねらい,5
03205,2022,部品ねらい,1
03205,2023,ひったくり,0
03205,2023,オートバイ盗,0
03205,2023,自動販売機ねらい,0
03205,2023,自動車盗,4
03205,2023,自転車盗,25
03205,2023,車上ねらい,7
03205,2023,部品ねらい,2
03205,2024,ひったくり,0
03205,2024,オートバイ盗,0
03205,2024,自動販売機ねらい,1
03205,2024,自動車盗,1
03205,2024,自転車盗,29
03205,2024,車上ねらい,11
03205,2024,部品ねらい,5
03205,2025,ひったくり,0
03205,2025,オートバイ盗,0
03205,2025,自動販売機ねらい,0
03205,2025,自動車盗,0
03205,2025,自転車盗,28
03205,2025,車上ねらい,1
03205,2025,部品ねらい,0
03206,2016,ひったくり,0
03206,2016,オートバイ盗,0
03206,2016,自動販売機ねらい,0
03206,2016,自動車盗,0
03206,2016,自転車盗,0
03206,2016,車上ねらい,0
03206,2016,部品ねらい,0
03206,2017,ひったくり,0
03206,2017,オートバイ盗,0
03206,2017,自動販売機ねらい,1
03206,2017,自動車盗,0
03206,2017,自転車盗,1
03206,2017,車上ねらい,0
03206,2017,部品ねらい,0
03206,2018,ひったくり,0
03206,2018,オートバイ盗,0
03206,2018,自動販売機ねらい,3
03206,2018,自動車盗,1
03206,2018,自転車盗,50
03206,2018,車上ねらい,17
03206,2018,部品ねらい,2
03206,2019,ひったくり,0
03206,2019,オートバイ盗,0
03206,2019,自動販売機ねらい,3
03206,2019,自動車盗,1
03206,2019,自転車盗,56
03206,2019,車上ねらい,17
03206,2019,部品ねらい,1
03206,2020,ひったくり,0
03206,2020,オートバイ盗,0
03206,2020,自動販売機ねらい,0
03206,2020,自動車盗,1
03206,2020,自転車盗,37
03206,2020,車上ねらい,9
03206,2020,部品ねらい,2
03206,2021,ひったくり,1
03206,2021,オートバイ盗,0
03206,2021,自動販売機ねらい,1
03206,2021,自動車盗,4
03206,2021,自転車盗,28
03206,2021,車上ねらい,3
03206,2021,部品ねらい,1
03206,2022,ひったくり,0
03206,2022,オートバイ盗,0
03206,2022,自動販売機ねらい,2
03206,2022,自動車盗,1
03206,2022,自転車盗,24
03206,2022,車上ねらい,8
03206,2022,部品ねらい,2
03206,2023,ひったくり,0
03206,2023,オートバイ盗,0
03206,2023,自動販売機ねらい,1
03206,2023,自動車盗,2
03206,2023,自転車盗,20
03206,2023,車上ねらい,8
03206,2023,部品ねらい,1
03206,2024,ひったくり,0
03206,2024,オートバイ盗,0
03206,2024,自動販売機ねらい,1
03206,2024,自動車盗,2
03206,2024,自転車盗,72
03206,2024,車上ねらい,15
03206,2024,部品ねらい,3
03206,2025,ひったくり,0
03206,2025,オートバイ盗,0
03206,2025,自動販売機ねらい,0
03206,2025,自動車盗,0
03206,2025,自転車盗,59
03206,2025,車上ねらい,18
03206,2025,部品ねらい,4
03207,2016,ひったくり,0
03207,2016,オートバイ盗,0
03207,2016,自動販売機ねらい,0
03207,2016,自動車盗,0
03207,2016,自転車盗,0
03207,2016,車上ねらい,0
03207,2016,部品ねらい,0
03207,2017,ひったくり,0
03207,2017,オートバイ盗,0
03207,2017,自動販売機ねらい,0
03207,2017,自動車盗,0
03207,2017,自転車盗,0
03207,2017,車上ねらい,0
03207,2017,部品ねらい,0
03207,2018,ひったくり,0
03207,2018,オートバイ盗,1
03207,2018,自動販売機ねらい,1
03207,2018,自動車盗,3
03207,2018,自転車盗,10
03207,2018,車上ねらい,5
03207,2018,部品ねらい,2
03207,2019,ひったくり,0
03207,2019,オートバイ盗,0
03207,2019,自動販売機ねらい,1
03207,2019,自動車盗,1
03207,2019,自転車盗,4
03207,2019,車上ねらい,4
03207,2019,部品ねらい,1
03207,2020,ひったくり,0
03207,2020,オートバイ盗,1
03207,2020,自動販売機ねらい,0
03207,2020,自動車盗,0
03207,2020,自転車盗,5
03207,2020,車上ねらい,6
03207,2020,部品ねらい,0
03207,2021,ひったくり,0
03207,2021,オートバイ盗,0
03207,2021,自動販売機ねらい,0
03207,2021,自動車盗,0
03207,2021,自転車盗,4
03207,2021,車上ねらい,6
03207,2021,部品ねらい,0
03207,2022,ひったくり,0
03207,2022,オートバイ盗,0
03207,2022,自動販売機ねらい,2
03207,2022,自動車盗,1
03207,2022,自転車盗,5
03207,2022,車上ねらい,5
03207,2022,部品ねらい,0
03207,2023,ひったくり,0
03207,2023,オートバイ盗,0
03207,2023,自動販売機ねらい,0
03207,2023,自動車盗,0
03207,2023,自転車盗,6
03207,2023,車上ねらい,2
03207,2023,部品ねらい,1
03207,2024,ひったくり,0
03207,2024,オートバイ盗,0
03207,2024,自動販売機ねらい,0
03207,2024,自動車盗,0
03207,2024,自転車盗,3
03207,2024,車上ねらい,2
03207,2024,部品ねらい,1
03207,2025,ひったくり,0
03207,2025,オートバイ盗,0
03207,2025,自動販売機ねらい,0
03207,2025,自動車盗,1
03207,2025,自転車盗,4
03207,2025,車上ねらい,4
03207,2025,部品ねらい,0
03208,2016,ひったくり,0
03208,2016,オートバイ盗,0
03208,2016,自動販売機ねらい,0
03208,2016,自動車盗,0
03208,2016,自転車盗,0
03208,2016,車上ねらい,0
03208,2016,部品ねらい,0
03208,2017,ひったくり,0
03208,2017,オートバイ盗,0
03208,2017,自動販売機ねらい,0
03208,2017,自動車盗,0
03208,2017,自転車盗,0
03208,2017,車上ねらい,4
03208,2017,部品ねらい,0
03208,2018,ひったくり,0
03208,2018,オートバイ盗,0
03208,2018,自動販売機ねらい,1
03208,2018,自動車盗,0
03208,2018,自転車盗,3
03208,2018,車上ねらい,2
03208,2018,部品ねらい,1
03208,2019,ひったくり,0
03208,2019,オートバイ盗,0
03208,2019,自動販売機ねらい,0
03208,2019,自動車盗,0
03208,2019,自転車盗,5
03208,2019,車上ねらい,4
03208,2019,部品ねらい,0
03208,2020,ひったくり,0
03208,2020,オートバイ盗,0
03208,2020,自動販売機ねらい,0
03208,2020,自動車盗,0
03208,2020,自転車盗,6
03208,2020,車上ねらい,1
03208,2020,部品ねらい,0
03208,2021,ひったくり,0
03208,2021,オートバイ盗,0
03208,2021,自動販売機ねらい,0
03208,2021,自動車盗,0
03208,2021,自転車盗,3
03208,2021,車上ねらい,4
03208,2021,部品ねらい,0
03208,2022,ひったくり,0
03208,2022,オートバイ盗,0
03208,2022,自動販売機ねらい,0
03208,2022,自動車盗,0
03208,2022,自転車盗,1
03208,2022,車上ねらい,0
03208,2022,部品ねらい,0
03208,2023,ひったくり,0
03208,2023,オートバイ盗,1
03208,2023,自動販売機ねらい,0
03208,2023,自動車盗,0
03208,2023,自転車盗,2
03208,2023,車上ねらい,2
03208,2023,部品ねらい,1
03208,2024,ひったくり,0
03208,2024,オートバイ盗,0
03208,2024,自動販売機ねらい,0
03208,2024,自動車盗,0
03208,2024,自転車盗,2
03208,2024,車上ねらい,3
03208,2024,部品ねらい,0
03208,2025,ひったくり,0
03208,2025,オートバイ盗,0
03208,2025,自動販売機ねらい,0
03208,2025,自動車盗,0
03208,2025,自転車盗,1
03208,2025,車上ねらい,1
03208,2025,部品ねらい,0
03209,2016,ひったくり,0
03209,2016,オートバイ盗,0
03209,2016,自動販売機ねらい,0
03209,2016,自動車盗,0
03209,2016,自転車盗,0
03209,2016,車上ねらい,0
03209,2016,部品ねらい,0
03209,2017,ひったくり,0
03209,2017,オートバイ盗,0
03209,2017,自動販売機ねらい,0
03209,2017,自動車盗,0
03209,2017,自転車盗,0
03209,2017,車上ねらい,0
03209,2017,部品ねらい,0
03209,2018,ひったくり,1
03209,2018,オートバイ盗,1
03209,2018,自動販売機ねらい,0
03209,2018,自動車盗,3
03209,2018,自転車盗,19
03209,2018,車上ねらい,6
03209,2018,部品ねらい,7
03209,2019,ひったくり,0
03209,2019,オートバイ盗,0
03209,2019,自動販売機ねらい,4
03209,2019,自動車盗,1
03209,2019,自転車盗,31
03209,2019,車上ねらい,14
03209,2019,部品ねらい,4
03209,2020,ひったくり,0
03209,2020,オートバイ盗,0
03209,2020,自動販売機ねらい,2
03209,2020,自動車盗,0
03209,2020,自転車盗,15
03209,2020,車上ねらい,3
03209,2020,部品ねらい,0
03209,2021,ひったくり,0
03209,2021,オートバイ盗,0
03209,2021,自動販売機ねらい,2
03209,2021,自動車盗,3
03209,2021,自転車盗,18
03209,2021,車上ねらい,5
03209,2021,部品ねらい,1
03209,2022,ひったくり,0
03209,2022,オートバイ盗,0
03209,2022,自動販売機ねらい,1
03209,2022,自動車盗,0
03209,2022,自転車盗,7
03209,2022,車上ねらい,10
03209,2022,部品ねらい,0
03209,2023,ひったくり,0
03209,2023,オートバイ盗,1
03209,2023,自動販売機ねらい,0
03209,2023,自動車盗,0
03209,2023,自転車盗,28
03209,2023,車上ねらい,14
03209,2023,部品ねらい,2
03209,2024,ひったくり,0
03209,2024,オートバイ盗,0
03209,2024,自動販売機ねらい,0
03209,2024,自動車盗,0
03209,2024,自転車盗,17
03209,2024,車上ねらい,11
03209,2024,部品ねらい,1
03209,2025,ひったくり,1
03209,2025,オートバイ盗,0
03209,2025,自動販売機ねらい,2
03209,2025,自動車盗,2
03209,2025,自転車盗,19
03209,2025,車上ねらい,9
03209,2025,部品ねらい,4
03210,2016,ひったくり,0
03210,2016,オートバイ盗,0
03210,2016,自動販売機ねらい,0
03210,2016,自動車盗,0
03210,2016,自転車盗,0
03210,2016,車上ねらい,0
03210,2016,部品ねらい,0
03210,2017,ひったくり,0
03210,2017,オートバイ盗,0
03210,2017,自動販売機ねらい,0
03210,2017,自動車盗,0
03210,2017,自転車盗,0
03210,2017,車上ねらい,0
03210,2017,部品ねらい,0
03210,2018,ひったくり,0
03210,2018,オートバイ盗,0
03210,2018,自動販売機ねらい,0
03210,2018,自動車盗,0
03210,2018,自転車盗,0
03210,2018,車上ねらい,0
03210,2018,部品ねらい,0
03210,2019,ひったくり,0
03210,2019,オートバイ盗,0
03210,2019,自動販売機ねらい,4
03210,2019,自動車盗,0
03210,2019,自転車盗,0
03210,2019,車上ねらい,0
03210,2019,部品ねらい,0
03210,2020,ひったくり,0
03210,2020,オートバイ盗,0
03210,2020,自動販売機ねらい,0
03210,2020,自動車盗,0
03210,2020,自転車盗,1
03210,2020,車上ねらい,2
03210,2020,部品ねらい,0
03210,2021,ひったくり,0
03210,2021,オートバイ盗,0
03210,2021,自動販売機ねらい,0
03210,2021,自動車盗,0
03210,2021,自転車盗,0
03210,2021,車上ねらい,0
03210,2021,部品ねらい,0
03210,2022,ひったくり,0
03210,2022,オートバイ盗,0
03210,2022,自動販売機ねらい,0
03210,2022,自動車盗,0
03210,2022,自転車盗,1
03210,2022,車上ねらい,0
03210,2022,部品ねらい,0
03210,2023,ひったくり,0
03210,2023,オートバイ盗,0
03210,2023,自動販売機ねらい,2
03210,2023,自動車盗,0
03210,2023,自転車盗,0
03210,2023,車上ねらい,0
03210,2023,部品ねらい,1
03210,2024,ひったくり,0
03210,2024,オートバイ盗,0
03210,2024,自動販売機ねらい,0
03210,2024,自動車盗,0
03210,2024,自転車盗,0
03210,2024,車上ねらい,0
03210,2024,部品ねらい,1
03210,2025,ひったくり,0
03210,2025,オートバイ盗,0
03210,2025,自動販売機ねらい,0
03210,2025,自動車盗,0
03210,2025,自転車盗,1
03210,2025,車上ねらい,0
03210,2025,部品ねらい,0
03211,2016,ひったくり,0
03211,2016,オートバイ盗,0
03211,2016,自動販売機ねらい,0
03211,2016,自動車盗,0
03211,2016,自転車盗,0
03211,2016,車上ねらい,0
03211,2016,部品ねらい,0
03211,2017,ひったくり,0
03211,2017,オートバイ盗,0
03211,2017,自動販売機ねらい,0
03211,2017,自動車盗,0
03211,2017,自転車盗,0
03211,2017,車上ねらい,0
03211,2017,部品ねらい,6
03211,2018,ひったくり,0
03211,2018,オートバイ盗,0
03211,2018,自動販売機ねらい,0
03211,2018,自動車盗,0
03211,2018,自転車盗,3
03211,2018,車上ねらい,3
03211,2018,部品ねらい,8
03211,2019,ひったくり,0
03211,2019,オートバイ盗,0
03211,2019,自動販売機ねらい,0
03211,2019,自動車盗,0
03211,2019,自転車盗,5
03211,2019,車上ねらい,2
03211,2019,部品ねらい,0
03211,2020,ひったくり,0
03211,2020,オートバイ盗,0
03211,2020,自動販売機ねらい,0
03211,2020,自動車盗,0
03211,2020,自転車盗,3
03211,2020,車上ねらい,1
03211,2020,部品ねらい,0
03211,2021,ひったくり,0
03211,2021,オートバイ盗,0
03211,2021,自動販売機ねらい,0
03211,2021,自動車盗,0
03211,2021,自転車盗,2
03211,2021,車上ねらい,1
03211,2021,部品ねらい,0
03211,2022,ひったくり,0
03211,2022,オートバイ盗,0
03211,2022,自動販売機ねらい,0
03211,2022,自動車盗,0
03211,2022,自転車盗,7
03211,2022,車上ねらい,1
03211,2022,部品ねらい,0
03211,2023,ひったくり,0
03211,2023,オートバイ盗,0
03211,2023,自動販売機ねらい,0
03211,2023,自動車盗,1
03211,2023,自転車盗,10
03211,2023,車上ねらい,2
03211,2023,部品ねらい,0
03211,2024,ひったくり,0
03211,2024,オートバイ盗,0
03211,2024,自動販売機ねらい,0
03211,2024,自動車盗,0
03211,2024,自転車盗,1
03211,2024,車上ねらい,0
03211,2024,部品ねらい,0
03211,2025,ひったくり,0
03211,2025,オートバイ盗,0
03211,2025,自動販売機ねらい,0
03211,2025,自動車盗,0
03211,2025,自転車盗,2
03211,2025,車上ねらい,1
03211,2025,部品ねらい,3
03213,2016,ひったくり,0
03213,2016,オートバイ盗,0
03213,2016,自動販売機ねらい,0
03213,2016,自動車盗,0
03213,2016,自転車盗,0
03213,2016,車上ねらい,0
03213,2016,部品ねらい,0
03213,2017,ひったくり,0
03213,2017,オートバイ盗,0
03213,2017,自動販売機ねらい,0
03213,2017,自動車盗,0
03213,2017,自転車盗,0
03213,2017,車上ねらい,0
03213,2017,部品ねらい,0
03213,2018,ひったくり,0
03213,2018,オートバイ盗,0
03213,2018,自動販売機ねらい,0
03213,2018,自動車盗,0
03213,2018,自転車盗,1
03213,2018,車上ねらい,1
03213,2018,部品ねらい,0
03213,2019,ひったくり,0
03213,2019,オートバイ盗,0
03213,2019,自動販売機ねらい,0
03213,2019,自動車盗,0
03213,2019,自転車盗,1
03213,2019,車上ねらい,2
03213,2019,部品ねらい,0
03213,2020,ひったくり,0
03213,2020,オートバイ盗,0
03213,2020,自動販売機ねらい,0
03213,2020,自動車盗,0
03213,2020,自転車盗,2
03213,2020,車上ねらい,0
03213,2020,部品ねらい,0
03213,2021,ひったくり,0
03213,2021,オートバイ盗,0
03213,2021,自動販売機ねらい,0
03213,2021,自動車盗,0
03213,2021,自転車盗,2
03213,2021,車上ねらい,1
03213,2021,部品ねらい,0
03213,2022,ひったくり,0
03213,2022,オートバイ盗,0
03213,2022,自動販売機ねらい,0
03213,2022,自動車盗,0
03213,2022,自転車盗,0
03213,2022,車上ねらい,7
03213,2022,部品ねらい,0
03213,2023,ひったくり,0
03213,2023,オートバイ盗,0
03213,2023,自動販売機ねらい,0
03213,2023,自動車盗,0
03213,2023,自転車盗,0
03213,2023,車上ねらい,1
03213,2023,部品ねらい,0
03213,2024,ひったくり,0
03213,2024,オートバイ盗,0
03213,2024,自動販売機ねらい,1
03213,2024,自動車盗,0
03213,2024,自転車盗,5
03213,2024,車上ねらい,1
03213,2024,部品ねらい,1
03213,2025,ひったくり,0
03213,2025,オートバイ盗,0
03213,2025,自動販売機ねらい,1
03213,2025,自動車盗,0
03213,2025,自転車盗,0
03213,2025,車上ねらい,0
03213,2025,部品ねらい,0
03214,2016,ひったくり,0
03214,2016,オートバイ盗,0
03214,2016,自動販売機ねらい,0
03214,2016,自動車盗,0
03214,2016,自転車盗,0
03214,2016,車上ねらい,0
03214,2016,部品ねらい,0
03214,2017,ひったくり,0
03214,2017,オートバイ盗,0
03214,2017,自動販売機ねらい,0
03214,2017,自動車盗,0
03214,2017,自転車盗,0
03214,2017,車上ねらい,0
03214,2017,部品ねらい,0
03214,2018,ひったくり,0
03214,2018,オートバイ盗,0
03214,2018,自動販売機ねらい,1
03214,2018,自動車盗,0
03214,2018,自転車盗,1
03214,2018,車上ねらい,2
03214,2018,部品ねらい,0
03214,2019,ひったくり,0
03214,2019,オートバイ盗,2
03214,2019,自動販売機ねらい,0
03214,2019,自動車盗,0
03214,2019,自転車盗,0
03214,2019,車上ねらい,4
03214,2019,部品ねらい,1
03214,2020,ひったくり,0
03214,2020,オートバイ盗,0
03214,2020,自動販売機ねらい,0
03214,2020,自動車盗,0
03214,2020,自転車盗,0
03214,2020,車上ねらい,0
03214,2020,部品ねらい,0
03214,2021,ひったくり,0
03214,2021,オートバイ盗,1
03214,2021,自動販売機ねらい,0
03214,2021,自動車盗,0
03214,2021,自転車盗,1
03214,2021,車上ねらい,1
03214,2021,部品ねらい,0
03214,2022,ひったくり,0
03214,2022,オートバイ盗,0
03214,2022,自動販売機ねらい,0
03214,2022,自動車盗,0
03214,2022,自転車盗,1
03214,2022,車上ねらい,3
03214,2022,部品ねらい,0
03214,2023,ひったくり,0
03214,2023,オートバイ盗,0
03214,2023,自動販売機ねらい,1
03214,2023,自動車盗,0
03214,2023,自転車盗,0
03214,2023,車上ねらい,1
03214,2023,部品ねらい,0
03214,2024,ひったくり,0
03214,2024,オートバイ盗,1
03214,2024,自動販売機ねらい,1
03214,2024,自動車盗,0
03214,2024,自転車盗,0
03214,2024,車上ねらい,0
03214,2024,部品ねらい,0
03214,2025,ひったくり,0
03214,2025,オートバイ盗,0
03214,2025,自動販売機ねらい,0
03214,2025,自動車盗,0
03214,2025,自転車盗,1
03214,2025,車上ねらい,0
03214,2025,部品ねらい,0
03215,2016,ひったくり,0
03215,2016,オートバイ盗,0
03215,2016,自動販売機ねらい,0
03215,2016,自動車盗,0
03215,2016,自転車盗,0
03215,2016,車上ねらい,0
03215,2016,部品ねらい,0
03215,2017,ひったくり,0
03215,2017,オートバイ盗,0
03215,2017,自動販売機ねらい,0
03215,2017,自動車盗,0
03215,2017,自転車盗,1
03215,2017,車上ねらい,0
03215,2017,部品ねらい,0
03215,2018,ひったくり,0
03215,2018,オートバイ盗,0
03215,2018,自動販売機ねらい,1
03215,2018,自動車盗,2
03215,2018,自転車盗,25
03215,2018,車上ねらい,16
03215,2018,部品ねらい,6
03215,2019,ひったくり,0
03215,2019,オートバイ盗,0
03215,2019,自動販売機ねらい,3
03215,2019,自動車盗,1
03215,2019,自転車盗,34
03215,2019,車上ねらい,14
03215,2019,部品ねらい,2
03215,2020,ひったくり,0
03215,2020,オートバイ盗,0
03215,2020,自動販売機ねらい,3
03215,2020,自動車盗,1
03215,2020,自転車盗,16
03215,2020,車上ねらい,5
03215,2020,部品ねらい,1
03215,2021,ひったくり,0
03215,2021,オートバイ盗,0
03215,2021,自動販売機ねらい,1
03215,2021,自動車盗,0
03215,2021,自転車盗,22
03215,2021,車上ねらい,11
03215,2021,部品ねらい,1
03215,2022,ひったくり,0
03215,2022,オートバイ盗,0
03215,2022,自動販売機ねらい,1
03215,2022,自動車盗,1
03215,2022,自転車盗,21
03215,2022,車上ねらい,5
03215,2022,部品ねらい,1
03215,2023,ひったくり,0
03215,2023,オートバイ盗,0
03215,2023,自動販売機ねらい,2
03215,2023,自動車盗,0
03215,2023,自転車盗,36
03215,2023,車上ねらい,8
03215,2023,部品ねらい,0
03215,2024,ひったくり,0
03215,2024,オートバイ盗,0
03215,2024,自動販売機ねらい,2
03215,2024,自動車盗,4
03215,2024,自転車盗,31
03215,2024,車上ねらい,14
03215,2024,部品ねらい,5
03215,2025,ひったくり,1
03215,2025,オートバイ盗,0
03215,2025,自動販売機ねらい,1
03215,2025,自動車盗,1
03215,2025,自転車盗,22
03215,2025,車上ねらい,3
03215,2025,部品ねらい,0
03216,2016,ひったくり,0
03216,2016,オートバイ盗,0
03216,2016,自動販売機ねらい,0
03216,2016,自動車盗,0
03216,2016,自転車盗,0
03216,2016,車上ねらい,0
03216,2016,部品ねらい,0
03216,2017,ひったくり,0
03216,2017,オートバイ盗,0
03216,2017,自動販売機ねらい,0
03216,2017,自動車盗,0
03216,2017,自転車盗,0
03216,2017,車上ねらい,0
03216,2017,部品ねらい,0
03216,2018,ひったくり,0
03216,2018,オートバイ盗,0
03216,2018,自動販売機ねらい,0
03216,2018,自動車盗,2
03216,2018,自転車盗,14
03216,2018,車上ねらい,15
03216,2018,部品ねらい,1
03216,2019,ひったくり,0
03216,2019,オートバイ盗,0
03216,2019,自動販売機ねらい,2
03216,2019,自動車盗,0
03216,2019,自転車盗,16
03216,2019,車上ねらい,3
03216,2019,部品ねらい,3
03216,2020,ひったくり,0
03216,2020,オートバイ盗,0
03216,2020,自動販売機ねらい,0
03216,2020,自動車盗,0
03216,2020,自転車盗,4
03216,2020,車上ねらい,4
03216,2020,部品ねらい,0
03216,2021,ひったくり,0
03216,2021,オートバイ盗,0
03216,2021,自動販売機ねらい,0
03216,2021,自動車盗,0
03216,2021,自転車盗,4
03216,2021,車上ねらい,3
03216,2021,部品ねらい,1
03216,2022,ひったくり,0
03216,2022,オートバイ盗,0
03216,2022,自動販売機ねらい,0
03216,2022,自動車盗,0
03216,2022,自転車盗,7
03216,2022,車上ねらい,4
03216,2022,部品ねらい,0
03216,2023,ひったくり,0
03216,2023,オートバイ盗,0
03216,2023,自動販売機ねらい,0
03216,2023,自動車盗,1
03216,2023,自転車盗,9
03216,2023,車上ねらい,8
03216,2023,部品ねらい,2
03216,2024,ひったくり,0
03216,2024,オートバイ盗,0
03216,2024,自動販売機ねらい,0
03216,2024,自動車盗,0
03216,2024,自転車盗,9
03216,2024,車上ねらい,3
03216,2024,部品ねらい,0
03216,2025,ひったくり,0
03216,2025,オートバイ盗,2
03216,2025,自動販売機ねらい,1
03216,2025,自動車盗,1
03216,2025,自転車盗,3
03216,2025,車上ねらい,4
03216,2025,部品ねらい,0
03301,2016,ひったくり,0
03301,2016,オートバイ盗,0
03301,2016,自動販売機ねらい,0
03301,2016,自動車盗,0
03301,2016,自転車盗,0
03301,2016,車上ねらい,0
03301,2016,部品ねらい,0
03301,2017,ひったくり,0
03301,2017,オートバイ盗,0
03301,2017,自動販売機ねらい,0
03301,2017,自動車盗,0
03301,2017,自転車盗,0
03301,2017,車上ねらい,0
03301,2017,部品ねらい,0
03301,2018,ひったくり,0
03301,2018,オートバイ盗,0
03301,2018,自動販売機ねらい,1
03301,2018,自動車盗,0
03301,2018,自転車盗,3
03301,2018,車上ねらい,2
03301,2018,部品ねらい,1
03301,2019,ひったくり,0
03301,2019,オートバイ盗,0
03301,2019,自動販売機ねらい,1
03301,2019,自動車盗,0
03301,2019,自転車盗,0
03301,2019,車上ねらい,4
03301,2019,部品ねらい,0
03301,2020,ひったくり,0
03301,2020,オートバイ盗,0
03301,2020,自動販売機ねらい,0
03301,2020,自動車盗,1
03301,2020,自転車盗,0
03301,2020,車上ねらい,2
03301,2020,部品ねらい,0
03301,2021,ひったくり,0
03301,2021,オートバイ盗,0
03301,2021,自動販売機ねらい,0
03301,2021,自動車盗,0
03301,2021,自転車盗,1
03301,2021,車上ねらい,4
03301,2021,部品ねらい,0
03301,2022,ひったくり,0
03301,2022,オートバイ盗,0
03301,2022,自動販売機ねらい,0
03301,2022,自動車盗,0
03301,2022,自転車盗,0
03301,2022,車上ねらい,1
03301,2022,部品ねらい,0
03301,2023,ひったくり,0
03301,2023,オートバイ盗,0
03301,2023,自動販売機ねらい,0
03301,2023,自動車盗,0
03301,2023,自転車盗,2
03301,2023,車上ねらい,2
03301,2023,部品ねらい,2
03301,2024,ひったくり,0
03301,2024,オートバイ盗,0
03301,2024,自動販売機ねらい,0
03301,2024,自動車盗,0
03301,2024,自転車盗,4
03301,2024,車上ねらい,0
03301,2024,部品ねらい,0
03301,2025,ひったくり,0
03301,2025,オートバイ盗,0
03301,2025,自動販売機ねらい,4
03301,2025,自動車盗,1
03301,2025,自転車盗,1
03301,2025,車上ねらい,2
03301,2025,部品ねらい,0
03302,2016,ひったくり,0
03302,2016,オートバイ盗,0
03302,2016,自動販売機ねらい,0
03302,2016,自動車盗,0
03302,2016,自転車盗,0
03302,2016,車上ねらい,0
03302,2016,部品ねらい,0
03302,2017,ひったくり,0
03302,2017,オートバイ盗,0
03302,2017,自動販売機ねらい,0
03302,2017,自動車盗,0
03302,2017,自転車盗,0
03302,2017,車上ねらい,0
03302,2017,部品ねらい,0
03302,2018,ひったくり,0
03302,2018,オートバイ盗,0
03302,2018,自動販売機ねらい,0
03302,2018,自動車盗,0
03302,2018,自転車盗,0
03302,2018,車上ねらい,0
03302,2018,部品ねらい,0
03302,2019,ひったくり,0
03302,2019,オートバイ盗,0
03302,2019,自動販売機ねらい,0
03302,2019,自動車盗,0
03302,2019,自転車盗,0
03302,2019,車上ねらい,0
03302,2019,部品ねらい,1
03302,2020,ひったくり,0
03302,2020,オートバイ盗,0
03302,2020,自動販売機ねらい,0
03302,2020,自動車盗,0
03302,2020,自転車盗,0
03302,2020,車上ねらい,0
03302,2020,部品ねらい,0
03302,2021,ひったくり,0
03302,2021,オートバイ盗,0
03302,2021,自動販売機ねらい,0
03302,2021,自動車盗,1
03302,2021,自転車盗,0
03302,2021,車上ねらい,0
03302,2021,部品ねらい,0
03302,2022,ひったくり,0
03302,2022,オートバイ盗,0
03302,2022,自動販売機ねらい,0
03302,2022,自動車盗,0
03302,2022,自転車盗,0
03302,2022,車上ねらい,0
03302,2022,部品ねらい,0
03302,2023,ひったくり,0
03302,2023,オートバイ盗,0
03302,2023,自動販売機ねらい,1
03302,2023,自動車盗,0
03302,2023,自転車盗,0
03302,2023,車上ねらい,0
03302,2023,部品ねらい,0
03302,2024,ひったくり,0
03302,2024,オートバイ盗,0
03302,2024,自動販売機ねらい,0
03302,2024,自動車盗,0
03302,2024,自転車盗,0
03302,2024,車上ねらい,0
03302,2024,部品ねらい,0
03302,2025,ひったくり,0
03302,2025,オートバイ盗,0
03302,2025,自動販売機ねらい,0
03302,2025,自動車盗,0
03302,2025,自転車盗,0
03302,2025,車上ねらい,0
03302,2025,部品ねらい,0
03303,2016,ひったくり,0
03303,2016,オートバイ盗,0
03303,2016,自動販売機ねらい,0
03303,2016,自動車盗,0
03303,2016,自転車盗,0
03303,2016,車上ねらい,0
03303,2016,部品ねらい,0
03303,2017,ひったくり,0
03303,2017,オートバイ盗,0
03303,2017,自動販売機ねらい,0
03303,2017,自動車盗,0
03303,2017,自転車盗,0
03303,2017,車上ねらい,0
03303,2017,部品ねらい,0
03303,2018,ひったくり,0
03303,2018,オートバイ盗,0
03303,2018,自動販売機ねらい,1
03303,2018,自動車盗,0
03303,2018,自転車盗,1
03303,2018,車上ねらい,0
03303,2018,部品ねらい,0
03303,2019,ひったくり,0
03303,2019,オートバイ盗,0
03303,2019,自動販売機ねらい,0
03303,2019,自動車盗,0
03303,2019,自転車盗,1
03303,2019,車上ねらい,0
03303,2019,部品ねらい,0
03303,2020,ひったくり,0
03303,2020,オートバイ盗,0
03303,2020,自動販売機ねらい,0
03303,2020,自動車盗,0
03303,2020,自転車盗,0
03303,2020,車上ねらい,1
03303,2020,部品ねらい,0
03303,2021,ひったくり,0
03303,2021,オートバイ盗,0
03303,2021,自動販売機ねらい,0
03303,2021,自動車盗,0
03303,2021,自転車盗,0
03303,2021,車上ねらい,1
03303,2021,部品ねらい,0
03303,2022,ひったくり,0
03303,2022,オートバイ盗,0
03303,2022,自動販売機ねらい,0
03303,2022,自動車盗,0
03303,2022,自転車盗,2
03303,2022,車上ねらい,0
03303,2022,部品ねらい,0
03303,2023,ひったくり,0
03303,2023,オートバイ盗,0
03303,2023,自動販売機ねらい,0
03303,2023,自動車盗,0
03303,2023,自転車盗,0
03303,2023,車上ねらい,1
03303,2023,部品ねらい,0
03303,2024,ひったくり,0
03303,2024,オートバイ盗,0
03303,2024,自動販売機ねらい,0
03303,2024,自動車盗,0
03303,2024,自転車盗,0
03303,2024,車上ねらい,1
03303,2024,部品ねらい,0
03303,2025,ひったくり,0
03303,2025,オートバイ盗,0
03303,2025,自動販売機ねらい,1
03303,2025,自動車盗,0
03303,2025,自転車盗,2
03303,2025,車上ねらい,0
03303,2025,部品ねらい,0
03321,2016,ひったくり,0
03321,2016,オートバイ盗,0
03321,2016,自動販売機ねらい,0
03321,2016,自動車盗,0
03321,2016,自転車盗,0
03321,2016,車上ねらい,0
03321,2016,部品ねらい,0
03321,2017,ひったくり,0
03321,2017,オートバイ盗,0
03321,2017,自動販売機ねらい,0
03321,2017,自動車盗,0
03321,2017,自転車盗,0
03321,2017,車上ねらい,1
03321,2017,部品ねらい,0
03321,2018,ひったくり,0
03321,2018,オートバイ盗,0
03321,2018,自動販売機ねらい,1
03321,2018,自動車盗,0
03321,2018,自転車盗,8
03321,2018,車上ねらい,5
03321,2018,部品ねらい,1
03321,2019,ひったくり,0
03321,2019,オートバイ盗,0
03321,2019,自動販売機ねらい,0
03321,2019,自動車盗,0
03321,2019,自転車盗,5
03321,2019,車上ねらい,2
03321,2019,部品ねらい,0
03321,2020,ひったくり,0
03321,2020,オートバイ盗,0
03321,2020,自動販売機ねらい,0
03321,2020,自動車盗,0
03321,2020,自転車盗,9
03321,2020,車上ねらい,3
03321,2020,部品ねらい,0
03321,2021,ひったくり,0
03321,2021,オートバイ盗,0
03321,2021,自動販売機ねらい,0
03321,2021,自動車盗,0
03321,2021,自転車盗,9
03321,2021,車上ねらい,1
03321,2021,部品ねらい,0
03321,2022,ひったくり,0
03321,2022,オートバイ盗,0
03321,2022,自動販売機ねらい,1
03321,2022,自動車盗,1
03321,2022,自転車盗,3
03321,2022,車上ねらい,0
03321,2022,部品ねらい,0
03321,2023,ひったくり,0
03321,2023,オートバイ盗,1
03321,2023,自動販売機ねらい,0
03321,2023,自動車盗,0
03321,2023,自転車盗,7
03321,2023,車上ねらい,0
03321,2023,部品ねらい,0
03321,2024,ひったくり,0
03321,2024,オートバイ盗,0
03321,2024,自動販売機ねらい,0
03321,2024,自動車盗,1
03321,2024,自転車盗,11
03321,2024,車上ねらい,2
03321,2024,部品ねらい,0
03321,2025,ひったくり,0
03321,2025,オートバイ盗,0
03321,2025,自動販売機ねらい,0
03321,2025,自動車盗,0
03321,2025,自転車盗,9
03321,2025,車上ねらい,1
03321,2025,部品ねらい,2
03322,2016,ひったくり,0
03322,2016,オートバイ盗,0
03322,2016,自動販売機ねらい,0
03322,2016,自動車盗,0
03322,2016,自転車盗,0
03322,2016,車上ねらい,0
03322,2016,部品ねらい,0
03322,2017,ひったくり,0
03322,2017,オートバイ盗,0
03322,2017,自動販売機ねらい,0
03322,2017,自動車盗,0
03322,2017,自転車盗,0
03322,2017,車上ねらい,0
03322,2017,部品ねらい,0
03322,2018,ひったくり,0
03322,2018,オートバイ盗,0
03322,2018,自動販売機ねらい,0
03322,2018,自動車盗,0
03322,2018,自転車盗,11
03322,2018,車上ねらい,5
03322,2018,部品ねらい,1
03322,2019,ひったくり,0
03322,2019,オートバイ盗,0
03322,2019,自動販売機ねらい,0
03322,2019,自動車盗,0
03322,2019,自転車盗,23
03322,2019,車上ねらい,4
03322,2019,部品ねらい,1
03322,2020,ひったくり,0
03322,2020,オートバイ盗,0
03322,2020,自動販売機ねらい,1
03322,2020,自動車盗,0
03322,2020,自転車盗,14
03322,2020,車上ねらい,5
03322,2020,部品ねらい,0
03322,2021,ひったくり,0
03322,2021,オートバイ盗,0
03322,2021,自動販売機ねらい,0
03322,2021,自動車盗,0
03322,2021,自転車盗,14
03322,2021,車上ねらい,3
03322,2021,部品ねらい,0
03322,2022,ひったくり,0
03322,2022,オートバイ盗,0
03322,2022,自動販売機ねらい,0
03322,2022,自動車盗,1
03322,2022,自転車盗,15
03322,2022,車上ねらい,1
03322,2022,部品ねらい,1
03322,2023,ひったくり,0
03322,2023,オートバイ盗,0
03322,2023,自動販売機ねらい,0
03322,2023,自動車盗,1
03322,2023,自転車盗,7
03322,2023,車上ねらい,3
03322,2023,部品ねらい,1
03322,2024,ひったくり,0
03322,2024,オートバイ盗,0
03322,2024,自動販売機ねらい,0
03322,2024,自動車盗,0
03322,2024,自転車盗,27
03322,2024,車上ねらい,1
03322,2024,部品ねらい,1
03322,2025,ひったくり,0
03322,2025,オートバイ盗,1
03322,2025,自動販売機ねらい,2
03322,2025,自動車盗,1
03322,2025,自転車盗,17
03322,2025,車上ねらい,3
03322,2025,部品ねらい,1
03366,2016,ひったくり,0
03366,2016,オートバイ盗,0
03366,2016,自動販売機ねらい,0
03366,2016,自動車盗,0
03366,2016,自転車盗,0
03366,2016,車上ねらい,0
03366,2016,部品ねらい,0
03366,2017,ひったくり,0
03366,2017,オートバイ盗,0
03366,2017,自動販売機ねらい,0
03366,2017,自動車盗,0
03366,2017,自転車盗,0
03366,2017,車上ねらい,0
03366,2017,部品ねらい,0
03366,2018,ひったくり,0
03366,2018,オートバイ盗,0
03366,2018,自動販売機ねらい,0
03366,2018,自動車盗,0
03366,2018,自転車盗,0
03366,2018,車上ねらい,0
03366,2018,部品ねらい,0
03366,2019,ひったくり,0
03366,2019,オートバイ盗,0
03366,2019,自動販売機ねらい,0
03366,2019,自動車盗,0
03366,2019,自転車盗,0
03366,2019,車上ねらい,0
03366,2019,部品ねらい,0
03366,2020,ひったくり,0
03366,2020,オートバイ盗,0
03366,2020,自動販売機ねらい,0
03366,2020,自動車盗,0
03366,2020,自転車盗,0
03366,2020,車上ねらい,0
03366,2020,部品ねらい,0
03366,2021,ひったくり,0
03366,2021,オートバイ盗,0
03366,2021,自動販売機ねらい,0
03366,2021,自動車盗,0
03366,2021,自転車盗,0
03366,2021,車上ねらい,1
03366,2021,部品ねらい,0
03366,2022,ひったくり,0
03366,2022,オートバイ盗,0
03366,2022,自動販売機ねらい,0
03366,2022,自動車盗,0
03366,2022,自転車盗,0
03366,2022,車上ねらい,0
03366,2022,部品ねらい,0
03366,2023,ひったくり,0
03366,2023,オートバイ盗,0
03366,2023,自動販売機ねらい,0
03366,2023,自動車盗,0
03366,2023,自転車盗,0
03366,2023,車上ねらい,1
03366,2023,部品ねらい,0
03366,2024,ひったくり,0
03366,2024,オートバイ盗,0
03366,2024,自動販売機ねらい,0
03366,2024,自動車盗,0
03366,2024,自転車盗,0
03366,2024,車上ねらい,1
03366,2024,部品ねらい,0
03366,2025,ひったくり,0
03366,2025,オートバイ盗,0
03366,2025,自動販売機ねらい,0
03366,2025,自動車盗,0
03366,2025,自転車盗,0
03366,2025,車上ねらい,1
03366,2025,部品ねらい,0
03381,2016,ひったくり,0
03381,2016,オートバイ盗,0
03381,2016,自動販売機ねらい,0
03381,2016,自動車盗,0
03381,2016,自転車盗,0
03381,2016,車上ねらい,0
03381,2016,部品ねらい,0
03381,2017,ひったくり,0
03381,2017,オートバイ盗,0
03381,2017,自動販売機ねらい,0
03381,2017,自動車盗,0
03381,2017,自転車盗,0
03381,2017,車上ねらい,0
03381,2017,部品ねらい,0
03381,2018,ひったくり,0
03381,2018,オートバイ盗,0
03381,2018,自動販売機ねらい,0
03381,2018,自動車盗,0
03381,2018,自転車盗,2
03381,2018,車上ねらい,1
03381,2018,部品ねらい,3
03381,2019,ひったくり,0
03381,2019,オートバイ盗,0
03381,2019,自動販売機ねらい,1
03381,2019,自動車盗,0
03381,2019,自転車盗,3
03381,2019,車上ねらい,4
03381,2019,部品ねらい,0
03381,2020,ひったくり,0
03381,2020,オートバイ盗,0
03381,2020,自動販売機ねらい,1
03381,2020,自動車盗,1
03381,2020,自転車盗,2
03381,2020,車上ねらい,0
03381,2020,部品ねらい,0
03381,2021,ひったくり,0
03381,2021,オートバイ盗,0
03381,2021,自動販売機ねらい,0
03381,2021,自動車盗,0
03381,2021,自転車盗,5
03381,2021,車上ねらい,2
03381,2021,部品ねらい,0
03381,2022,ひったくり,0
03381,2022,オートバイ盗,0
03381,2022,自動販売機ねらい,1
03381,2022,自動車盗,0
03381,2022,自転車盗,3
03381,2022,車上ねらい,1
03381,2022,部品ねらい,1
03381,2023,ひったくり,0
03381,2023,オートバイ盗,0
03381,2023,自動販売機ねらい,0
03381,2023,自動車盗,0
03381,2023,自転車盗,5
03381,2023,車上ねらい,0
03381,2023,部品ねらい,0
03381,2024,ひったくり,0
03381,2024,オートバイ盗,0
03381,2024,自動販売機ねらい,0
03381,2024,自動車盗,0
03381,2024,自転車盗,5
03381,2024,車上ねらい,2
03381,2024,部品ねらい,1
03381,2025,ひったくり,0
03381,2025,オートバイ盗,0
03381,2025,自動販売機ねらい,0
03381,2025,自動車盗,0
03381,2025,自転車盗,9
03381,2025,車上ねらい,0
03381,2025,部品ねらい,0
03402,2016,ひったくり,0
03402,2016,オートバイ盗,0
03402,2016,自動販売機ねらい,0
03402,2016,自動車盗,0
03402,2016,自転車盗,0
03402,2016,車上ねらい,0
03402,2016,部品ねらい,0
03402,2017,ひったくり,0
03402,2017,オートバイ盗,0
03402,2017,自動販売機ねらい,0
03402,2017,自動車盗,0
03402,2017,自転車盗,0
03402,2017,車上ねらい,0
03402,2017,部品ねらい,0
03402,2018,ひったくり,0
03402,2018,オートバイ盗,0
03402,2018,自動販売機ねらい,0
03402,2018,自動車盗,0
03402,2018,自転車盗,0
03402,2018,車上ねらい,0
03402,2018,部品ねらい,0
03402,2019,ひったくり,0
03402,2019,オートバイ盗,0
03402,2019,自動販売機ねらい,1
03402,2019,自動車盗,0
03402,2019,自転車盗,0
03402,2019,車上ねらい,1
03402,2019,部品ねらい,0
03402,2020,ひったくり,0
03402,2020,オートバイ盗,1
03402,2020,自動販売機ねらい,0
03402,2020,自動車盗,0
03402,2020,自転車盗,1
03402,2020,車上ねらい,1
03402,2020,部品ねらい,0
03402,2021,ひったくり,0
03402,2021,オートバイ盗,0
03402,2021,自動販売機ねらい,0
03402,2021,自動車盗,0
03402,2021,自転車盗,3
03402,2021,車上ねらい,0
03402,2021,部品ねらい,0
03402,2022,ひったくり,0
03402,2022,オートバイ盗,0
03402,2022,自動販売機ねらい,0
03402,2022,自動車盗,0
03402,2022,自転車盗,2
03402,2022,車上ねらい,0
03402,2022,部品ねらい,0
03402,2023,ひったくり,0
03402,2023,オートバイ盗,0
03402,2023,自動販売機ねらい,0
03402,2023,自動車盗,0
03402,2023,自転車盗,1
03402,2023,車上ねらい,1
03402,2023,部品ねらい,0
03402,2024,ひったくり,0
03402,2024,オートバイ盗,0
03402,2024,自動販売機ねらい,0
03402,2024,自動車盗,0
03402,2024,自転車盗,0
03402,2024,車上ねらい,1
03402,2024,部品ねらい,1
03402,2025,ひったくり,0
03402,2025,オートバイ盗,0
03402,2025,自動販売機ねらい,0
03402,2025,自動車盗,0
03402,2025,自転車盗,1
03402,2025,車上ねらい,1
03402,2025,部品ねらい,0
03441,2016,ひったくり,0
03441,2016,オートバイ盗,0
03441,2016,自動販売機ねらい,0
03441,2016,自動車盗,0
03441,2016,自転車盗,0
03441,2016,車上ねらい,0
03441,2016,部品ねらい,0
03441,2017,ひったくり,0
03441,2017,オートバイ盗,0
03441,2017,自動販売機ねらい,0
03441,2017,自動車盗,0
03441,2017,自転車盗,0
03441,2017,車上ねらい,0
03441,2017,部品ねらい,0
03441,2018,ひったくり,0
03441,2018,オートバイ盗,0
03441,2018,自動販売機ねらい,0
03441,2018,自動車盗,0
03441,2018,自転車盗,0
03441,2018,車上ねらい,0
03441,2018,部品ねらい,0
03441,2019,ひったくり,0
03441,2019,オートバイ盗,0
03441,2019,自動販売機ねらい,0
03441,2019,自動車盗,0
03441,2019,自転車盗,0
03441,2019,車上ねらい,0
03441,2019,部品ねらい,0
03441,2020,ひったくり,0
03441,2020,オートバイ盗,0
03441,2020,自動販売機ねらい,0
03441,2020,自動車盗,1
03441,2020,自転車盗,0
03441,2020,車上ねらい,0
03441,2020,部品ねらい,0
03441,2021,ひったくり,0
03441,2021,オートバイ盗,0
03441,2021,自動販売機ねらい,0
03441,2021,自動車盗,0
03441,2021,自転車盗,0
03441,2021,車上ねらい,0
03441,2021,部品ねらい,0
03441,2022,ひったくり,0
03441,2022,オートバイ盗,0
03441,2022,自動販売機ねらい,0
03441,2022,自動車盗,0
03441,2022,自転車盗,0
03441,2022,車上ねらい,0
03441,2022,部品ねらい,0
03441,2023,ひったくり,0
03441,2023,オートバイ盗,0
03441,2023,自動販売機ねらい,0
03441,2023,自動車盗,0
03441,2023,自転車盗,0
03441,2023,車上ねらい,0
03441,2023,部品ねらい,0
03441,2024,ひったくり,0
03441,2024,オートバイ盗,0
03441,2024,自動販売機ねらい,0
03441,2024,自動車盗,0
03441,2024,自転車盗,0
03441,2024,車上ねらい,0
03441,2024,部品ねらい,0
03441,2025,ひったくり,0
03441,2025,オートバイ盗,0
03441,2025,自動販売機ねらい,0
03441,2025,自動車盗,0
03441,2025,自転車盗,0
03441,2025,車上ねらい,0
03441,2025,部品ねらい,0
03461,2016,ひったくり,0
03461,2016,オートバイ盗,0
03461,2016,自動販売機ねらい,0
03461,2016,自動車盗,0
03461,2016,自転車盗,0
03461,2016,車上ねらい,0
03461,2016,部品ねらい,0
03461,2017,ひったくり,0
03461,2017,オートバイ盗,0
03461,2017,自動販売機ねらい,0
03461,2017,自動車盗,0
03461,2017,自転車盗,0
03461,2017,車上ねらい,0
03461,2017,部品ねらい,0
03461,2018,ひったくり,0
03461,2018,オートバイ盗,0
03461,2018,自動販売機ねらい,0
03461,2018,自動車盗,0
03461,2018,自転車盗,0
03461,2018,車上ねらい,0
03461,2018,部品ねらい,1
03461,2019,ひったくり,0
03461,2019,オートバイ盗,0
03461,2019,自動販売機ねらい,0
03461,2019,自動車盗,0
03461,2019,自転車盗,0
03461,2019,車上ねらい,0
03461,2019,部品ねらい,0
03461,2020,ひったくり,0
03461,2020,オートバイ盗,0
03461,2020,自動販売機ねらい,0
03461,2020,自動車盗,0
03461,2020,自転車盗,0
03461,2020,車上ねらい,2
03461,2020,部品ねらい,0
03461,2021,ひったくり,0
03461,2021,オートバイ盗,0
03461,2021,自動販売機ねらい,0
03461,2021,自動車盗,0
03461,2021,自転車盗,2
03461,2021,車上ねらい,0
03461,2021,部品ねらい,0
03461,2022,ひったくり,0
03461,2022,オートバイ盗,0
03461,2022,自動販売機ねらい,0
03461,2022,自動車盗,0
03461,2022,自転車盗,0
03461,2022,車上ねらい,1
03461,2022,部品ねらい,2
03461,2023,ひったくり,0
03461,2023,オートバイ盗,0
03461,2023,自動販売機ねらい,0
03461,2023,自動車盗,0
03461,2023,自転車盗,5
03461,2023,車上ねらい,0
03461,2023,部品ねらい,0
03461,2024,ひったくり,0
03461,2024,オートバイ盗,0
03461,2024,自動販売機ねらい,0
03461,2024,自動車盗,0
03461,2024,自転車盗,1
03461,2024,車上ねらい,0
03461,2024,部品ねらい,0
03461,2025,ひったくり,0
03461,2025,オートバイ盗,0
03461,2025,自動販売機ねらい,0
03461,2025,自動車盗,0
03461,2025,自転車盗,0
03461,2025,車上ねらい,0
03461,2025,部品ねらい,0
03482,2016,ひったくり,0
03482,2016,オートバイ盗,0
03482,2016,自動販売機ねらい,0
03482,2016,自動車盗,0
03482,2016,自転車盗,0
03482,2016,車上ねらい,0
03482,2016,部品ねらい,0
03482,2017,ひったくり,0
03482,2017,オートバイ盗,0
03482,2017,自動販売機ねらい,0
03482,2017,自動車盗,0
03482,2017,自転車盗,0
03482,2017,車上ねらい,0
03482,2017,部品ねらい,0
03482,2018,ひったくり,0
03482,2018,オートバイ盗,0
03482,2018,自動販売機ねらい,0
03482,2018,自動車盗,0
03482,2018,自転車盗,1
03482,2018,車上ねらい,0
03482,2018,部品ねらい,0
03482,2019,ひったくり,0
03482,2019,オートバイ盗,0
03482,2019,自動販売機ねらい,0
03482,2019,自動車盗,0
03482,2019,自転車盗,0
03482,2019,車上ねらい,1
03482,2019,部品ねらい,0
03482,2020,ひったくり,0
03482,2020,オートバイ盗,0
03482,2020,自動販売機ねらい,0
03482,2020,自動車盗,0
03482,2020,自転車盗,1
03482,2020,車上ねらい,2
03482,2020,部品ねらい,2
03482,2021,ひったくり,0
03482,2021,オートバイ盗,0
03482,2021,自動販売機ねらい,0
03482,2021,自動車盗,0
03482,2021,自転車盗,0
03482,2021,車上ねらい,2
03482,2021,部品ねらい,0
03482,2022,ひったくり,0
03482,2022,オートバイ盗,0
03482,2022,自動販売機ねらい,0
03482,2022,自動車盗,0
03482,2022,自転車盗,3
03482,2022,車上ねらい,0
03482,2022,部品ねらい,0
03482,2023,ひったくり,0
03482,2023,オートバイ盗,0
03482,2023,自動販売機ねらい,0
03482,2023,自動車盗,0
03482,2023,自転車盗,3
03482,2023,車上ねらい,0
03482,2023,部品ねらい,0
03482,2024,ひったくり,0
03482,2024,オートバイ盗,0
03482,2024,自動販売機ねらい,0
03482,2024,自動車盗,1
03482,2024,自転車盗,0
03482,2024,車上ねらい,0
03482,2024,部品ねらい,0
03482,2025,ひったくり,0
03482,2025,オートバイ盗,1
03482,2025,自動販売機ねらい,0
03482,2025,自動車盗,0
03482,2025,自転車盗,0
03482,2025,車上ねらい,1
03482,2025,部品ねらい,0
03483,2016,ひったくり,0
03483,2016,オートバイ盗,0
03483,2016,自動販売機ねらい,0
03483,2016,自動車盗,0
03483,2016,自転車盗,0
03483,2016,車上ねらい,0
03483,2016,部品ねらい,0
03483,2017,ひったくり,0
03483,2017,オートバイ盗,0
03483,2017,自動販売機ねらい,0
03483,2017,自動車盗,0
03483,2017,自転車盗,0
03483,2017,車上ねらい,0
03483,2017,部品ねらい,0
03483,2018,ひったくり,0
03483,2018,オートバイ盗,0
03483,2018,自動販売機ねらい,0
03483,2018,自動車盗,0
03483,2018,自転車盗,0
03483,2018,車上ねらい,0
03483,2018,部品ねらい,0
03483,2019,ひったくり,0
03483,2019,オートバイ盗,0
03483,2019,自動販売機ねらい,0
03483,2019,自動車盗,0
03483,2019,自転車盗,0
03483,2019,車上ねらい,2
03483,2019,部品ねらい,0
03483,2020,ひったくり,0
03483,2020,オートバイ盗,0
03483,2020,自動販売機ねらい,0
03483,2020,自動車盗,0
03483,2020,自転車盗,0
03483,2020,車上ねらい,0
03483,2020,部品ねらい,0
03483,2021,ひったくり,0
03483,2021,オートバイ盗,0
03483,2021,自動販売機ねらい,0
03483,2021,自動車盗,0
03483,2021,自転車盗,0
03483,2021,車上ねらい,1
03483,2021,部品ねらい,0
03483,2022,ひったくり,0
03483,2022,オートバイ盗,0
03483,2022,自動販売機ねらい,0
03483,2022,自動車盗,1
03483,2022,自転車盗,0
03483,2022,車上ねらい,0
03483,2022,部品ねらい,0
03483,2023,ひったくり,0
03483,2023,オートバイ盗,0
03483,2023,自動販売機ねらい,0
03483,2023,自動車盗,0
03483,2023,自転車盗,0
03483,2023,車上ねらい,0
03483,2023,部品ねらい,0
03483,2024,ひったくり,0
03483,2024,オートバイ盗,0
03483,2024,自動販売機ねらい,0
03483,2024,自動車盗,0
03483,2024,自転車盗,0
03483,2024,車上ねらい,1
03483,2024,部品ねらい,0
03483,2025,ひったくり,0
03483,2025,オートバイ盗,0
03483,2025,自動販売機ねらい,0
03483,2025,自動車盗,0
03483,2025,自転車盗,0
03483,2025,車上ねらい,0
03483,2025,部品ねらい,0
03484,2016,ひったくり,0
03484,2016,オートバイ盗,0
03484,2016,自動販売機ねらい,0
03484,2016,自動車盗,0
03484,2016,自転車盗,0
03484,2016,車上ねらい,0
03484,2016,部品ねらい,0
03484,2017,ひったくり,0
03484,2017,オートバイ盗,0
03484,2017,自動販売機ねらい,0
03484,2017,自動車盗,0
03484,2017,自転車盗,0
03484,2017,車上ねらい,0
03484,2017,部品ねらい,0
03484,2018,ひったくり,0
03484,2018,オートバイ盗,0
03484,2018,自動販売機ねらい,0
03484,2018,自動車盗,0
03484,2018,自転車盗,0
03484,2018,車上ねらい,1
03484,2018,部品ねらい,1
03484,2019,ひったくり,0
03484,2019,オートバイ盗,0
03484,2019,自動販売機ねらい,0
03484,2019,自動車盗,0
03484,2019,自転車盗,0
03484,2019,車上ねらい,0
03484,2019,部品ねらい,0
03484,2020,ひったくり,0
03484,2020,オートバイ盗,0
03484,2020,自動販売機ねらい,0
03484,2020,自動車盗,0
03484,2020,自転車盗,0
03484,2020,車上ねらい,0
03484,2020,部品ねらい,0
03484,2021,ひったくり,0
03484,2021,オートバイ盗,0
03484,2021,自動販売機ねらい,0
03484,2021,自動車盗,0
03484,2021,自転車盗,0
03484,2021,車上ねらい,0
03484,2021,部品ねらい,0
03484,2022,ひったくり,0
03484,2022,オートバイ盗,0
03484,2022,自動販売機ねらい,0
03484,2022,自動車盗,0
03484,2022,自転車盗,0
03484,2022,車上ねらい,0
03484,2022,部品ねらい,0
03484,2023,ひったくり,0
03484,2023,オートバイ盗,0
03484,2023,自動販売機ねらい,1
03484,2023,自動車盗,0
03484,2023,自転車盗,0
03484,2023,車上ねらい,1
03484,2023,部品ねらい,0
03484,2024,ひったくり,0
03484,2024,オートバイ盗,0
03484,2024,自動販売機ねらい,0
03484,2024,自動車盗,0
03484,2024,自転車盗,0
03484,2024,車上ねらい,0
03484,2024,部品ねらい,0
03484,2025,ひったくり,0
03484,2025,オートバイ盗,0
03484,2025,自動販売機ねらい,0
03484,2025,自動車盗,1
03484,2025,自転車盗,0
03484,2025,車上ねらい,0
03484,2025,部品ねらい,0
03485,2016,ひったくり,0
03485,2016,オートバイ盗,0
03485,2016,自動販売機ねらい,0
03485,2016,自動車盗,0
03485,2016,自転車盗,0
03485,2016,車上ねらい,0
03485,2016,部品ねらい,0
03485,2017,ひったくり,0
03485,2017,オートバイ盗,0
03485,2017,自動販売機ねらい,0
03485,2017,自動車盗,0
03485,2017,自転車盗,0
03485,2017,車上ねらい,0
03485,2017,部品ねらい,0
03485,2018,ひったくり,0
03485,2018,オートバイ盗,0
03485,2018,自動販売機ねらい,0
03485,2018,自動車盗,0
03485,2018,自転車盗,0
03485,2018,車上ねらい,0
03485,2018,部品ねらい,0
03485,2019,ひったくり,0
03485,2019,オートバイ盗,0
03485,2019,自動販売機ねらい,0
03485,2019,自動車盗,0
03485,2019,自転車盗,0
03485,2019,車上ねらい,0
03485,2019,部品ねらい,1
03485,2020,ひったくり,0
03485,2020,オートバイ盗,0
03485,2020,自動販売機ねらい,0
03485,2020,自動車盗,0
03485,2020,自転車盗,0
03485,2020,車上ねらい,0
03485,2020,部品ねらい,0
03485,2021,ひったくり,0
03485,2021,オートバイ盗,0
03485,2021,自動販売機ねらい,0
03485,2021,自動車盗,0
03485,2021,自転車盗,0
03485,2021,車上ねらい,0
03485,2021,部品ねらい,0
03485,2022,ひったくり,0
03485,2022,オートバイ盗,0
03485,2022,自動販売機ねらい,0
03485,2022,自動車盗,0
03485,2022,自転車盗,0
03485,2022,車上ねらい,1
03485,2022,部品ねらい,0
03485,2023,ひったくり,0
03485,2023,オートバイ盗,0
03485,2023,自動販売機ねらい,0
03485,2023,自動車盗,0
03485,2023,自転車盗,0
03485,2023,車上ねらい,0
03485,2023,部品ねらい,0
03485,2024,ひったくり,0
03485,2024,オートバイ盗,0
03485,2024,自動販売機ねらい,0
03485,2024,自動車盗,0
03485,2024,自転車盗,0
03485,2024,車上ねらい,0
03485,2024,部品ねらい,0
03485,2025,ひったくり,0
03485,2025,オートバイ盗,0
03485,2025,自動販売機ねらい,0
03485,2025,自動車盗,0
03485,2025,自転車盗,0
03485,2025,車上ねらい,0
03485,2025,部品ねらい,0
03501,2016,ひったくり,0
03501,2016,オートバイ盗,0
03501,2016,自動販売機ねらい,0
03501,2016,自動車盗,0
03501,2016,自転車盗,0
03501,2016,車上ねらい,0
03501,2016,部品ねらい,0
03501,2017,ひったくり,0
03501,2017,オートバイ盗,0
03501,2017,自動販売機ねらい,0
03501,2017,自動車盗,0
03501,2017,自転車盗,0
03501,2017,車上ねらい,0
03501,2017,部品ねらい,0
03501,2018,ひったくり,0
03501,2018,オートバイ盗,0
03501,2018,自動販売機ねらい,0
03501,2018,自動車盗,0
03501,2018,自転車盗,0
03501,2018,車上ねらい,0
03501,2018,部品ねらい,1
03501,2019,ひったくり,0
03501,2019,オートバイ盗,0
03501,2019,自動販売機ねらい,0
03501,2019,自動車盗,0
03501,2019,自転車盗,0
03501,2019,車上ねらい,1
03501,2019,部品ねらい,0
03501,2020,ひったくり,0
03501,2020,オートバイ盗,0
03501,2020,自動販売機ねらい,0
03501,2020,自動車盗,0
03501,2020,自転車盗,1
03501,2020,車上ねらい,2
03501,2020,部品ねらい,0
03501,2021,ひったくり,0
03501,2021,オートバイ盗,0
03501,2021,自動販売機ねらい,0
03501,2021,自動車盗,0
03501,2021,自転車盗,0
03501,2021,車上ねらい,2
03501,2021,部品ねらい,0
03501,2022,ひったくり,0
03501,2022,オートバイ盗,0
03501,2022,自動販売機ねらい,0
03501,2022,自動車盗,0
03501,2022,自転車盗,0
03501,2022,車上ねらい,1
03501,2022,部品ねらい,0
03501,2023,ひったくり,0
03501,2023,オートバイ盗,0
03501,2023,自動販売機ねらい,1
03501,2023,自動車盗,0
03501,2023,自転車盗,0
03501,2023,車上ねらい,0
03501,2023,部品ねらい,0
03501,2024,ひったくり,0
03501,2024,オートバイ盗,0
03501,2024,自動販売機ねらい,0
03501,2024,自動車盗,0
03501,2024,自転車盗,0
03501,2024,車上ねらい,1
03501,2024,部品ねらい,1
03501,2025,ひったくり,0
03501,2025,オートバイ盗,1
03501,2025,自動販売機ねらい,0
03501,2025,自動車盗,0
03501,2025,自転車盗,0
03501,2025,車上ねらい,0
03501,2025,部品ねらい,0
03503,2016,ひったくり,0
03503,2016,オートバイ盗,0
03503,2016,自動販売機ねらい,0
03503,2016,自動車盗,0
03503,2016,自転車盗,0
03503,2016,車上ねらい,0
03503,2016,部品ねらい,0
03503,2017,ひったくり,0
03503,2017,オートバイ盗,0
03503,2017,自動販売機ねらい,0
03503,2017,自動車盗,0
03503,2017,自転車盗,0
03503,2017,車上ねらい,0
03503,2017,部品ねらい,0
03503,2018,ひったくり,0
03503,2018,オートバイ盗,0
03503,2018,自動販売機ねらい,0
03503,2018,自動車盗,0
03503,2018,自転車盗,0
03503,2018,車上ねらい,0
03503,2018,部品ねらい,0
03503,2019,ひったくり,0
03503,2019,オートバイ盗,0
03503,2019,自動販売機ねらい,0
03503,2019,自動車盗,0
03503,2019,自転車盗,0
03503,2019,車上ねらい,0
03503,2019,部品ねらい,0
03503,2020,ひったくり,0
03503,2020,オートバイ盗,0
03503,2020,自動販売機ねらい,0
03503,2020,自動車盗,0
03503,2020,自転車盗,0
03503,2020,車上ねらい,0
03503,2020,部品ねらい,0
03503,2021,ひったくり,0
03503,2021,オートバイ盗,0
03503,2021,自動販売機ねらい,0
03503,2021,自動車盗,0
03503,2021,自転車盗,0
03503,2021,車上ねらい,2
03503,2021,部品ねらい,0
03503,2022,ひったくり,0
03503,2022,オートバイ盗,0
03503,2022,自動販売機ねらい,0
03503,2022,自動車盗,0
03503,2022,自転車盗,0
03503,2022,車上ねらい,0
03503,2022,部品ねらい,0
03503,2023,ひったくり,0
03503,2023,オートバイ盗,0
03503,2023,自動販売機ねらい,0
03503,2023,自動車盗,0
03503,2023,自転車盗,0
03503,2023,車上ねらい,0
03503,2023,部品ねらい,0
03503,2024,ひったくり,0
03503,2024,オートバイ盗,0
03503,2024,自動販売機ねらい,0
03503,2024,自動車盗,0
03503,2024,自転車盗,0
03503,2024,車上ねらい,0
03503,2024,部品ねらい,0
03503,2025,ひったくり,0
03503,2025,オートバイ盗,0
03503,2025,自動販売機ねらい,0
03503,2025,自動車盗,0
03503,2025,自転車盗,0
03503,2025,車上ねらい,3
03503,2025,部品ねらい,0
03506,2016,ひったくり,0
03506,2016,オートバイ盗,0
03506,2016,自動販売機ねらい,0
03506,2016,自動車盗,0
03506,2016,自転車盗,0
03506,2016,車上ねらい,0
03506,2016,部品ねらい,0
03506,2017,ひったくり,0
03506,2017,オートバイ盗,0
03506,2017,自動販売機ねらい,0
03506,2017,自動車盗,0
03506,2017,自転車盗,0
03506,2017,車上ねらい,0
03506,2017,部品ねらい,0
03506,2018,ひったくり,0
03506,2018,オートバイ盗,0
03506,2018,自動販売機ねらい,0
03506,2018,自動車盗,0
03506,2018,自転車盗,0
03506,2018,車上ねらい,0
03506,2018,部品ねらい,0
03506,2019,ひったくり,0
03506,2019,オートバイ盗,0
03506,2019,自動販売機ねらい,0
03506,2019,自動車盗,0
03506,2019,自転車盗,0
03506,2019,車上ねらい,0
03506,2019,部品ねらい,0
03506,2020,ひったくり,0
03506,2020,オートバイ盗,0
03506,2020,自動販売機ねらい,0
03506,2020,自動車盗,0
03506,2020,自転車盗,0
03506,2020,車上ねらい,0
03506,2020,部品ねらい,0
03506,2021,ひったくり,0
03506,2021,オートバイ盗,0
03506,2021,自動販売機ねらい,0
03506,2021,自動車盗,0
03506,2021,自転車盗,0
03506,2021,車上ねらい,1
03506,2021,部品ねらい,0
03506,2022,ひったくり,0
03506,2022,オートバイ盗,0
03506,2022,自動販売機ねらい,0
03506,2022,自動車盗,2
03506,2022,自転車盗,0
03506,2022,車上ねらい,0
03506,2022,部品ねらい,0
03506,2023,ひったくり,0
03506,2023,オートバイ盗,0
03506,2023,自動販売機ねらい,0
03506,2023,自動車盗,1
03506,2023,自転車盗,1
03506,2023,車上ねらい,0
03506,2023,部品ねらい,0
03506,2024,ひったくり,0
03506,2024,オートバイ盗,0
03506,2024,自動販売機ねらい,0
03506,2024,自動車盗,0
03506,2024,自転車盗,0
03506,2024,車上ねらい,0
03506,2024,部品ねらい,0
03506,2025,ひったくり,0
03506,2025,オートバイ盗,0
03506,2025,自動販売機ねらい,0
03506,2025,自動車盗,0
03506,2025,自転車盗,0
03506,2025,車上ねらい,0
03506,2025,部品ねらい,0
03507,2016,ひったくり,0
03507,2016,オートバイ盗,0
03507,2016,自動販売機ねらい,0
03507,2016,自動車盗,0
03507,2016,自転車盗,0
03507,2016,車上ねらい,0
03507,2016,部品ねらい,0
03507,2017,ひったくり,0
03507,2017,オートバイ盗,0
03507,2017,自動販売機ねらい,0
03507,2017,自動車盗,0
03507,2017,自転車盗,0
03507,2017,車上ねらい,0
03507,2017,部品ねらい,0
03507,2018,ひったくり,0
03507,2018,オートバイ盗,0
03507,2018,自動販売機ねらい,0
03507,2018,自動車盗,0
03507,2018,自転車盗,0
03507,2018,車上ねらい,1
03507,2018,部品ねらい,1
03507,2019,ひったくり,0
03507,2019,オートバイ盗,0
03507,2019,自動販売機ねらい,0
03507,2019,自動車盗,0
03507,2019,自転車盗,1
03507,2019,車上ねらい,1
03507,2019,部品ねらい,0
03507,2020,ひったくり,0
03507,2020,オートバイ盗,0
03507,2020,自動販売機ねらい,0
03507,2020,自動車盗,0
03507,2020,自転車盗,1
03507,2020,車上ねらい,0
03507,2020,部品ねらい,0
03507,2021,ひったくり,0
03507,2021,オートバイ盗,0
03507,2021,自動販売機ねらい,1
03507,2021,自動車盗,0
03507,2021,自転車盗,0
03507,2021,車上ねらい,1
03507,2021,部品ねらい,1
03507,2022,ひったくり,0
03507,2022,オートバイ盗,0
03507,2022,自動販売機ねらい,0
03507,2022,自動車盗,1
03507,2022,自転車盗,0
03507,2022,車上ねらい,0
03507,2022,部品ねらい,0
03507,2023,ひったくり,0
03507,2023,オートバイ盗,0
03507,2023,自動販売機ねらい,0
03507,2023,自動車盗,0
03507,2023,自転車盗,1
03507,2023,車上ねらい,1
03507,2023,部品ねらい,1
03507,2024,ひったくり,0
03507,2024,オートバイ盗,0
03507,2024,自動販売機ねらい,0
03507,2024,自動車盗,0
03507,2024,自転車盗,0
03507,2024,車上ねらい,2
03507,2024,部品ねらい,0
03507,2025,ひったくり,0
03507,2025,オートバイ盗,0
03507,2025,自動販売機ねらい,0
03507,2025,自動車盗,0
03507,2025,自転車盗,1
03507,2025,車上ねらい,0
03507,2025,部品ねらい,0
03524,2016,ひったくり,0
03524,2016,オートバイ盗,0
03524,2016,自動販売機ねらい,0
03524,2016,自動車盗,0
03524,2016,自転車盗,0
03524,2016,車上ねらい,0
03524,2016,部品ねらい,0
03524,2017,ひったくり,0
03524,2017,オートバイ盗,0
03524,2017,自動販売機ねらい,0
03524,2017,自動車盗,0
03524,2017,自転車盗,0
03524,2017,車上ねらい,0
03524,2017,部品ねらい,0
03524,2018,ひったくり,0
03524,2018,オートバイ盗,0
03524,2018,自動販売機ねらい,0
03524,2018,自動車盗,0
03524,2018,自転車盗,3
03524,2018,車上ねらい,1
03524,2018,部品ねらい,1
03524,2019,ひったくり,0
03524,2019,オートバイ盗,0
03524,2019,自動販売機ねらい,0
03524,2019,自動車盗,0
03524,2019,自転車盗,0
03524,2019,車上ねらい,0
03524,2019,部品ねらい,1
03524,2020,ひったくり,0
03524,2020,オートバイ盗,0
03524,2020,自動販売機ねらい,0
03524,2020,自動車盗,0
03524,2020,自転車盗,0
03524,2020,車上ねらい,0
03524,2020,部品ねらい,0
03524,2021,ひったくり,0
03524,2021,オートバイ盗,0
03524,2021,自動販売機ねらい,0
03524,2021,自動車盗,0
03524,2021,自転車盗,0
03524,2021,車上ねらい,1
03524,2021,部品ねらい,0
03524,2022,ひったくり,0
03524,2022,オートバイ盗,0
03524,2022,自動販売機ねらい,0
03524,2022,自動車盗,0
03524,2022,自転車盗,0
03524,2022,車上ねらい,1
03524,2022,部品ねらい,0
03524,2023,ひったくり,0
03524,2023,オートバイ盗,0
03524,2023,自動販売機ねらい,2
03524,2023,自動車盗,0
03524,2023,自転車盗,0
03524,2023,車上ねらい,0
03524,2023,部品ねらい,0
03524,2024,ひったくり,0
03524,2024,オートバイ盗,0
03524,2024,自動販売機ねらい,0
03524,2024,自動車盗,0
03524,2024,自転車盗,0
03524,2024,車上ねらい,0
03524,2024,部品ねらい,0
03524,2025,ひったくり,0
03524,2025,オートバイ盗,0
03524,2025,自動販売機ねらい,0
03524,2025,自動車盗,0
03524,2025,自転車盗,0
03524,2025,車上ねらい,0
03524,2025,部品ねらい,0
