code,ind,estab,workers,sales_mil
03000,AR,52613,502554,...
03000,AB,1059,12427,190400
03000,CR,51554,490127,...
03000,C,64,860,17104
03000,D,5153,46148,...
03000,E,3417,88715,2642879
03000,F,99,1829,...
03000,G,403,5207,...
03000,G1,181,1863,...
03000,G2,222,3344,42819
03000,H,1367,28593,...
03000,I,13330,102383,3598289
03000,J,932,11419,...
03000,K,3670,11303,227612
03000,L,1914,10169,145874
03000,M,5786,34999,151259
03000,N,5307,20251,230406
03000,O,1249,12325,...
03000,O1,215,8284,...
03000,O2,1034,4041,17071
03000,P,4747,73410,1146936
03000,Q,507,6518,...
03000,Q1,410,3647,...
03000,Q2,97,2871,25849
03000,R,3609,35998,...
03000,R1,1456,4920,...
03000,R2,2153,31078,241182
03201,AR,13537,136478,...
03201,AB,69,1006,15661
03201,CR,13468,135472,...
03201,C,9,60,1240
03201,D,1081,9879,...
03201,E,358,6284,121411
03201,F,28,836,...
03201,G,200,3925,...
03201,G1,76,1366,...
03201,G2,124,2559,33183
03201,H,242,7649,...
03201,I,3457,31024,1281729
03201,J,361,6003,...
03201,K,1485,5088,120495
03201,L,725,4730,61171
03201,M,1532,11923,51469
03201,N,1219,6955,76966
03201,O,450,5014,...
03201,O1,79,3257,...
03201,O2,371,1757,7284
03201,P,1371,22286,812817
03201,Q,59,626,...
03201,Q1,50,545,...
03201,Q2,9,81,1487
03201,R,891,13190,...
03201,R1,335,1736,...
03201,R2,556,11454,98574
03202,AR,2336,18886,...
03202,AB,30,375,5512
03202,CR,2306,18511,...
03202,C,5,67,1266
03202,D,215,2037,...
03202,E,162,3033,76072
03202,F,4,95,...
03202,G,14,32,...
03202,G1,12,24,...
03202,G2,2,8,X
03202,H,59,786,...
03202,I,642,4186,129244
03202,J,41,380,...
03202,K,187,464,8866
03202,L,65,314,4656
03202,M,285,1500,6107
03202,N,229,686,9155
03202,O,40,300,...
03202,O1,7,190,...
03202,O2,33,110,596
03202,P,202,3189,20219
03202,Q,30,263,...
03202,Q1,25,230,...
03202,Q2,5,33,594
03202,R,126,1179,...
03202,R1,51,146,...
03202,R2,75,1033,5546
03203,AR,2080,14606,...
03203,AB,21,195,3299
03203,CR,2059,14411,...
03203,C,4,128,3731
03203,D,228,1850,...
03203,E,167,2991,58825
03203,F,5,63,...
03203,G,16,90,...
03203,G1,10,55,...
03203,G2,6,35,295
03203,H,59,813,...
03203,I,520,3124,85917
03203,J,31,285,...
03203,K,211,430,6029
03203,L,74,278,2319
03203,M,181,896,4052
03203,N,206,648,7866
03203,O,47,195,...
03203,O1,5,94,...
03203,O2,42,101,291
03203,P,138,1574,10440
03203,Q,17,293,...
03203,Q1,11,128,...
03203,Q2,6,165,2163
03203,R,155,753,...
03203,R1,60,178,...
03203,R2,95,575,6139
03205,AR,3809,36925,...
03205,AB,106,1205,7358
03205,CR,3703,35720,...
03205,C,3,29,302
03205,D,299,2812,...
03205,E,328,8214,224891
03205,F,7,26,...
03205,G,16,115,...
03205,G1,8,46,...
03205,G2,8,69,422
03205,H,125,2364,...
03205,I,933,7549,251080
03205,J,52,532,...
03205,K,175,502,6704
03205,L,144,792,9016
03205,M,481,2968,14274
03205,N,428,1304,13482
03205,O,83,702,...
03205,O1,17,491,...
03205,O2,66,211,1362
03205,P,340,5273,34860
03205,Q,42,575,...
03205,Q1,30,290,...
03205,Q2,12,285,2544
03205,R,247,1963,...
03205,R1,118,338,...
03205,R2,129,1625,8116
03206,AR,3841,48651,...
03206,AB,38,462,5037
03206,CR,3803,48189,...
03206,C,5,63,499
03206,D,363,3559,...
03206,E,358,14634,452811
03206,F,5,121,...
03206,G,26,309,...
03206,G1,13,39,...
03206,G2,13,270,3576
03206,H,156,4090,...
03206,I,923,7603,332744
03206,J,64,711,...
03206,K,183,796,18352
03206,L,119,637,7441
03206,M,493,3191,15243
03206,N,390,1502,24057
03206,O,103,605,...
03206,O1,10,296,...
03206,O2,93,309,1147
03206,P,315,4311,28576
03206,Q,29,397,...
03206,Q1,24,285,...
03206,Q2,5,112,1436
03206,R,271,5660,...
03206,R1,79,217,...
03206,R2,192,5443,37720
03207,AR,1663,13700,...
03207,AB,53,551,4980
03207,CR,1610,13149,...
03207,C,4,30,819
03207,D,159,2001,...
03207,E,100,2633,54995
03207,F,7,42,...
03207,G,8,17,...
03207,G1,8,17,...
03207,G2,-,-,-
03207,H,45,624,...
03207,I,420,2589,68930
03207,J,31,220,...
03207,K,112,244,5647
03207,L,61,239,3009
03207,M,186,787,3114
03207,N,185,518,10454
03207,O,40,238,...
03207,O1,7,133,...
03207,O2,33,105,528
03207,P,125,1835,11224
03207,Q,21,228,...
03207,Q1,16,193,...
03207,Q2,5,35,378
03207,R,106,904,...
03207,R1,39,88,...
03207,R2,67,816,7273
03208,AR,1175,9381,...
03208,AB,35,419,3337
03208,CR,1140,8962,...
03208,C,3,26,432
03208,D,142,1434,...
03208,E,89,2387,62026
03208,F,1,19,...
03208,G,4,38,...
03208,G1,2,25,...
03208,G2,2,13,X
03208,H,18,213,...
03208,I,296,1532,33640
03208,J,19,173,...
03208,K,61,134,1674
03208,L,32,107,648
03208,M,116,469,2076
03208,N,130,356,5146
03208,O,21,112,...
03208,O1,3,35,...
03208,O2,18,77,338
03208,P,106,1408,7084
03208,Q,16,180,...
03208,Q1,14,118,...
03208,Q2,2,62,X
03208,R,86,374,...
03208,R1,47,126,...
03208,R2,39,248,1899
03209,AR,4722,44127,...
03209,AB,106,1234,18931
03209,CR,4616,42893,...
03209,C,9,216,3803
03209,D,501,4124,...
03209,E,399,10859,198133
03209,F,8,97,...
03209,G,20,160,...
03209,G1,10,103,...
03209,G2,10,57,1293
03209,H,128,2422,...
03209,I,1214,8252,206579
03209,J,63,803,...
03209,K,253,694,9359
03209,L,145,597,6292
03209,M,492,2719,11112
03209,N,502,1677,17293
03209,O,106,996,...
03209,O1,22,643,...
03209,O2,84,353,1166
03209,P,418,5880,36638
03209,Q,47,1051,...
03209,Q1,45,460,...
03209,Q2,2,591,X
03209,R,311,2346,...
03209,R1,142,392,...
03209,R2,169,1954,11622
03210,AR,664,5591,...
03210,AB,16,259,979
03210,CR,648,5332,...
03210,C,3,14,254
03210,D,86,910,...
03210,E,60,898,20266
03210,F,-,-,...
03210,G,4,11,...
03210,G1,2,4,...
03210,G2,2,7,X
03210,H,6,102,...
03210,I,155,977,24842
03210,J,10,67,...
03210,K,20,68,3105
03210,L,23,113,930
03210,M,58,325,990
03210,N,75,189,1723
03210,O,11,56,...
03210,O1,-,-,...
03210,O2,11,56,324
03210,P,66,1190,5613
03210,Q,11,129,...
03210,Q1,8,78,...
03210,Q2,3,51,774
03210,R,60,283,...
03210,R1,38,118,...
03210,R2,22,165,713
03211,AR,1617,14548,...
03211,AB,13,178,3566
03211,CR,1604,14370,...
03211,C,1,13,X
03211,D,159,1533,...
03211,E,100,4003,107372
03211,F,4,175,...
03211,G,14,63,...
03211,G1,8,31,...
03211,G2,6,32,611
03211,H,40,669,...
03211,I,399,2663,77270
03211,J,44,334,...
03211,K,100,251,5133
03211,L,61,224,2140
03211,M,219,990,3705
03211,N,168,436,7176
03211,O,29,156,...
03211,O1,4,87,...
03211,O2,25,69,233
03211,P,143,1802,13285
03211,Q,20,190,...
03211,Q1,18,147,...
03211,Q2,2,43,X
03211,R,103,868,...
03211,R1,39,120,...
03211,R2,64,748,6159
03213,AR,1232,10431,...
03213,AB,27,510,36398
03213,CR,1205,9921,...
03213,C,2,26,X
03213,D,116,1045,...
03213,E,76,2096,21979
03213,F,2,31,...
03213,G,6,31,...
03213,G1,3,15,...
03213,G2,3,16,42
03213,H,30,416,...
03213,I,344,2468,126747
03213,J,20,178,...
03213,K,80,201,2766
03213,L,50,142,1377
03213,M,120,550,2190
03213,N,116,342,5962
03213,O,22,222,...
03213,O1,4,150,...
03213,O2,18,72,342
03213,P,111,1366,8122
03213,Q,9,184,...
03213,Q1,7,155,...
03213,Q2,2,29,X
03213,R,101,623,...
03213,R1,35,80,...
03213,R2,66,543,2934
03214,AR,1056,9530,...
03214,AB,49,571,9613
03214,CR,1007,8959,...
03214,C,3,20,352
03214,D,124,1068,...
03214,E,78,2128,28730
03214,F,2,-,...
03214,G,3,6,...
03214,G1,2,3,...
03214,G2,1,3,X
03214,H,28,358,...
03214,I,231,1702,36092
03214,J,6,58,...
03214,K,52,123,1330
03214,L,20,114,1445
03214,M,145,1061,5986
03214,N,108,458,3792
03214,O,26,134,...
03214,O1,5,87,...
03214,O2,21,47,83
03214,P,105,1314,8001
03214,Q,15,97,...
03214,Q1,13,49,...
03214,Q2,2,48,X
03214,R,61,318,...
03214,R1,15,47,...
03214,R2,46,271,2692
03215,AR,4979,44357,...
03215,AB,116,1281,9626
03215,CR,4863,43076,...
03215,C,-,-,-
03215,D,444,4034,...
03215,E,420,9663,334786
03215,F,8,120,...
03215,G,23,192,...
03215,G1,11,111,...
03215,G2,12,81,1262
03215,H,83,1634,...
03215,I,1249,8843,237867
03215,J,77,877,...
03215,K,327,967,11788
03215,L,163,786,7779
03215,M,583,2951,11954
03215,N,558,1804,21943
03215,O,94,742,...
03215,O1,17,473,...
03215,O2,77,269,1184
03215,P,435,6403,38441
03215,Q,55,950,...
03215,Q1,43,376,...
03215,Q2,12,574,5476
03215,R,344,3110,...
03215,R1,161,385,...
03215,R2,183,2725,18201
03216,AR,1394,14101,...
03216,AB,14,134,3786
03216,CR,1380,13967,...
03216,C,-,-,-
03216,D,256,1878,...
03216,E,86,2035,40516
03216,F,3,12,...
03216,G,24,134,...
03216,G1,3,6,...
03216,G2,21,128,712
03216,H,38,886,...
03216,I,293,3238,89981
03216,J,18,87,...
03216,K,76,333,4286
03216,L,58,269,2074
03216,M,102,507,2136
03216,N,124,517,7198
03216,O,42,728,...
03216,O1,13,611,...
03216,O2,29,117,703
03216,P,166,2543,14717
03216,Q,8,190,...
03216,Q1,6,23,...
03216,Q2,2,167,X
03216,R,86,610,...
03216,R1,10,77,...
03216,R2,76,533,4851
03301,AR,658,6588,...
03301,AB,22,501,4036
03301,CR,636,6087,...
03301,C,-,-,-
03301,D,95,862,...
03301,E,41,1267,43942
03301,F,3,34,...
03301,G,-,-,...
03301,G1,-,-,...
03301,G2,-,-,-
03301,H,16,142,...
03301,I,130,1099,34236
03301,J,7,34,...
03301,K,35,65,430
03301,L,16,36,132
03301,M,122,834,3767
03301,N,63,240,1128
03301,O,13,37,...
03301,O1,2,14,...
03301,O2,11,23,41
03301,P,51,1099,7016
03301,Q,7,53,...
03301,Q1,6,26,...
03301,Q2,1,27,X
03301,R,37,285,...
03301,R1,8,27,...
03301,R2,29,258,1898
03302,AR,268,1573,...
03302,AB,12,142,1756
03302,CR,256,1431,...
03302,C,1,12,X
03302,D,31,243,...
03302,E,23,252,10342
03302,F,-,-,...
03302,G,1,4,...
03302,G1,1,4,...
03302,G2,-,-,-
03302,H,3,16,...
03302,I,87,346,6455
03302,J,2,12,...
03302,K,12,17,73
03302,L,4,7,X
03302,M,27,121,496
03302,N,24,58,739
03302,O,1,1,...
03302,O1,-,-,...
03302,O2,1,1,X
03302,P,21,224,1273
03302,Q,5,27,...
03302,Q1,4,14,...
03302,Q2,1,13,X
03302,R,14,91,...
03302,R1,6,26,...
03302,R2,8,65,519
03303,AR,458,4014,...
03303,AB,24,353,6697
03303,CR,434,3661,...
03303,C,-,-,-
03303,D,59,409,...
03303,E,27,927,17452
03303,F,-,-,...
03303,G,1,1,...
03303,G1,1,1,...
03303,G2,-,-,-
03303,H,10,82,...
03303,I,135,1005,20106
03303,J,5,43,...
03303,K,9,11,73
03303,L,7,22,144
03303,M,36,92,303
03303,N,52,214,1185
03303,O,9,36,...
03303,O1,1,7,...
03303,O2,8,29,136
03303,P,50,663,3782
03303,Q,7,60,...
03303,Q1,5,26,...
03303,Q2,2,34,X
03303,R,27,96,...
03303,R1,9,21,...
03303,R2,18,75,415
03321,AR,1044,9034,...
03321,AB,41,483,3059
03321,CR,1003,8551,...
03321,C,-,-,-
03321,D,121,969,...
03321,E,66,1357,43601
03321,F,1,5,...
03321,G,5,50,...
03321,G1,3,4,...
03321,G2,2,46,X
03321,H,40,897,...
03321,I,259,2084,71541
03321,J,11,80,...
03321,K,40,102,1192
03321,L,24,105,884
03321,M,86,416,1683
03321,N,130,383,3264
03321,O,30,238,...
03321,O1,3,125,...
03321,O2,27,113,451
03321,P,86,948,5506
03321,Q,10,288,...
03321,Q1,8,149,...
03321,Q2,2,139,X
03321,R,94,629,...
03321,R1,45,114,...
03321,R2,49,515,4558
03322,AR,1305,19447,...
03322,AB,23,229,2781
03322,CR,1282,19218,...
03322,C,1,3,X
03322,D,109,921,...
03322,E,65,1497,37426
03322,F,1,2,...
03322,G,3,8,...
03322,G1,1,1,...
03322,G2,2,7,X
03322,H,101,2366,...
03322,I,426,5211,321900
03322,J,18,169,...
03322,K,104,475,13966
03322,L,40,367,32917
03322,M,87,693,2574
03322,N,91,622,2717
03322,O,25,1488,...
03322,O1,7,1410,...
03322,O2,18,78,205
03322,P,114,4331,47896
03322,Q,7,70,...
03322,Q1,5,34,...
03322,Q2,2,36,X
03322,R,90,995,...
03322,R1,24,127,...
03322,R2,66,868,10317
03366,AR,310,1707,...
03366,AB,14,92,610
03366,CR,296,1615,...
03366,C,-,-,-
03366,D,31,223,...
03366,E,21,229,3736
03366,F,-,-,...
03366,G,3,5,...
03366,G1,1,1,...
03366,G2,2,4,X
03366,H,5,27,...
03366,I,63,284,5633
03366,J,2,9,...
03366,K,12,17,74
03366,L,8,14,38
03366,M,45,154,712
03366,N,38,75,176
03366,O,2,4,...
03366,O1,-,-,...
03366,O2,2,4,X
03366,P,21,444,1924
03366,Q,9,40,...
03366,Q1,8,22,...
03366,Q2,1,18,X
03366,R,36,90,...
03366,R1,21,48,...
03366,R2,15,42,577
03381,AR,518,9883,...
03381,AB,43,428,3708
03381,CR,475,9455,...
03381,C,-,-,-
03381,D,48,462,...
03381,E,47,5137,565641
03381,F,2,68,...
03381,G,1,2,...
03381,G1,1,2,...
03381,G2,-,-,-
03381,H,27,743,...
03381,I,118,1169,42013
03381,J,4,32,...
03381,K,6,16,X
03381,L,10,91,459
03381,M,55,393,1635
03381,N,55,197,2087
03381,O,7,52,...
03381,O1,1,32,...
03381,O2,6,20,89
03381,P,51,851,4297
03381,Q,7,46,...
03381,Q1,4,16,...
03381,Q2,3,30,390
03381,R,37,196,...
03381,R1,15,27,...
03381,R2,22,169,2137
03402,AR,391,2869,...
03402,AB,4,53,241
03402,CR,387,2816,...
03402,C,-,-,-
03402,D,43,318,...
03402,E,29,561,16360
03402,F,1,1,...
03402,G,2,2,...
03402,G1,2,2,...
03402,G2,-,-,-
03402,H,13,201,...
03402,I,96,705,18735
03402,J,4,20,...
03402,K,20,31,1363
03402,L,7,12,59
03402,M,53,242,1051
03402,N,30,99,347
03402,O,4,45,...
03402,O1,-,-,...
03402,O2,4,45,349
03402,P,29,332,1798
03402,Q,3,13,...
03402,Q1,3,13,...
03402,Q2,-,-,-
03402,R,53,234,...
03402,R1,41,169,...
03402,R2,12,65,509
03441,AR,192,1567,...
03441,AB,19,185,3280
03441,CR,173,1382,...
03441,C,-,-,-
03441,D,27,219,...
03441,E,19,547,13496
03441,F,-,-,...
03441,G,-,-,...
03441,G1,-,-,...
03441,G2,-,-,-
03441,H,3,48,...
03441,I,45,198,3436
03441,J,1,6,...
03441,K,-,-,-
03441,L,-,-,-
03441,M,17,70,318
03441,N,18,38,170
03441,O,-,-,...
03441,O1,-,-,...
03441,O2,-,-,-
03441,P,12,160,850
03441,Q,5,28,...
03441,Q1,4,15,...
03441,Q2,1,13,X
03441,R,26,68,...
03441,R1,16,25,...
03441,R2,10,43,496
03461,AR,413,3061,...
03461,AB,6,87,734
03461,CR,407,2974,...
03461,C,2,47,X
03461,D,46,295,...
03461,E,42,708,13245
03461,F,-,-,...
03461,G,3,5,...
03461,G1,1,1,...
03461,G2,2,4,X
03461,H,10,111,...
03461,I,114,608,10790
03461,J,5,29,...
03461,K,11,60,1899
03461,L,8,45,121
03461,M,46,160,788
03461,N,57,188,1533
03461,O,8,91,...
03461,O1,5,86,...
03461,O2,3,5,2
03461,P,22,465,2320
03461,Q,8,33,...
03461,Q1,7,22,...
03461,Q2,1,11,X
03461,R,25,129,...
03461,R1,11,58,...
03461,R2,14,71,893
03482,AR,551,3928,...
03482,AB,9,78,671
03482,CR,542,3850,...
03482,C,2,34,X
03482,D,74,555,...
03482,E,58,976,15675
03482,F,-,-,...
03482,G,-,-,...
03482,G1,-,-,...
03482,G2,-,-,-
03482,H,15,150,...
03482,I,131,770,15457
03482,J,12,89,...
03482,K,14,37,1290
03482,L,11,28,109
03482,M,62,266,839
03482,N,60,141,1439
03482,O,7,23,...
03482,O1,1,7,...
03482,O2,6,16,78
03482,P,42,521,3044
03482,Q,9,101,...
03482,Q1,6,25,...
03482,Q2,3,76,1650
03482,R,45,159,...
03482,R1,21,45,...
03482,R2,24,114,821
03483,AR,465,3243,...
03483,AB,27,220,2242
03483,CR,438,3023,...
03483,C,3,35,1236
03483,D,43,467,...
03483,E,49,773,9217
03483,F,1,6,...
03483,G,2,2,...
03483,G1,1,1,...
03483,G2,1,1,X
03483,H,13,145,...
03483,I,136,521,8363
03483,J,5,40,...
03483,K,23,37,655
03483,L,10,21,X
03483,M,35,151,496
03483,N,39,105,514
03483,O,6,8,...
03483,O1,-,-,...
03483,O2,6,8,9
03483,P,30,446,2881
03483,Q,10,87,...
03483,Q1,9,76,...
03483,Q2,1,11,X
03483,R,33,179,...
03483,R1,11,39,...
03483,R2,22,140,793
03484,AR,119,962,...
03484,AB,8,81,1288
03484,CR,111,881,...
03484,C,1,12,X
03484,D,16,222,...
03484,E,12,119,2679
03484,F,-,-,...
03484,G,-,-,...
03484,G1,-,-,...
03484,G2,-,-,-
03484,H,6,83,...
03484,I,22,96,2295
03484,J,-,-,...
03484,K,-,-,-
03484,L,3,6,57
03484,M,12,87,411
03484,N,7,10,35
03484,O,1,1,...
03484,O1,-,-,...
03484,O2,1,1,X
03484,P,14,172,870
03484,Q,5,26,...
03484,Q1,4,13,...
03484,Q2,1,13,X
03484,R,12,47,...
03484,R1,4,12,...
03484,R2,8,35,309
03485,AR,117,745,...
03485,AB,3,9,228
03485,CR,114,736,...
03485,C,-,-,-
03485,D,13,78,...
03485,E,10,150,3532
03485,F,-,-,...
03485,G,-,-,...
03485,G1,-,-,...
03485,G2,-,-,-
03485,H,4,25,...
03485,I,32,133,2446
03485,J,1,8,...
03485,K,4,6,15
03485,L,-,-,-
03485,M,13,51,189
03485,N,16,23,24
03485,O,-,-,...
03485,O1,-,-,...
03485,O2,-,-,-
03485,P,9,164,1029
03485,Q,3,72,...
03485,Q1,2,8,...
03485,Q2,1,64,X
03485,R,9,26,...
03485,R1,3,7,...
03485,R2,6,19,112
03501,AR,335,2596,...
03501,AB,30,279,3081
03501,CR,305,2317,...
03501,C,-,-,-
03501,D,42,381,...
03501,E,24,508,8285
03501,F,1,24,...
03501,G,-,-,...
03501,G1,-,-,...
03501,G2,-,-,-
03501,H,13,173,...
03501,I,90,492,15417
03501,J,3,14,...
03501,K,14,21,182
03501,L,5,12,55
03501,M,23,82,244
03501,N,37,128,900
03501,O,2,1,...
03501,O1,-,-,...
03501,O2,2,1,X
03501,P,22,351,1842
03501,Q,5,21,...
03501,Q1,4,18,...
03501,Q2,1,3,X
03501,R,24,109,...
03501,R1,12,25,...
03501,R2,12,84,492
03503,AR,165,1076,...
03503,AB,14,61,1313
03503,CR,151,1015,...
03503,C,2,19,X
03503,D,23,195,...
03503,E,8,120,593
03503,F,1,36,...
03503,G,-,-,...
03503,G1,-,-,...
03503,G2,-,-,-
03503,H,4,10,...
03503,I,44,243,4069
03503,J,2,11,...
03503,K,-,-,-
03503,L,4,6,27
03503,M,7,46,222
03503,N,18,41,64
03503,O,4,5,...
03503,O1,-,-,...
03503,O2,4,5,5
03503,P,19,187,965
03503,Q,4,33,...
03503,Q1,2,12,...
03503,Q2,2,21,X
03503,R,11,63,...
03503,R1,5,14,...
03503,R2,6,49,173
03506,AR,192,1596,...
03506,AB,17,220,8419
03506,CR,175,1376,...
03506,C,1,6,X
03506,D,26,154,...
03506,E,16,483,14280
03506,F,-,-,...
03506,G,2,3,...
03506,G1,-,-,...
03506,G2,2,3,X
03506,H,6,96,...
03506,I,54,207,3792
03506,J,3,38,...
03506,K,1,1,X
03506,L,-,-,-
03506,M,12,56,231
03506,N,20,57,604
03506,O,1,2,...
03506,O1,-,-,...
03506,O2,1,2,X
03506,P,11,165,745
03506,Q,4,17,...
03506,Q1,3,10,...
03506,Q2,1,7,X
03506,R,18,91,...
03506,R1,7,16,...
03506,R2,11,75,1875
03507,AR,542,3555,...
03507,AB,34,428,13901
03507,CR,508,3127,...
03507,C,-,-,-
03507,D,97,721,...
03507,E,43,400,4731
03507,F,2,5,...
03507,G,1,1,...
03507,G1,-,-,...
03507,G2,1,1,X
03507,H,8,60,...
03507,I,139,700,14232
03507,J,6,48,...
03507,K,8,41,105
03507,L,11,32,252
03507,M,29,116,394
03507,N,68,124,439
03507,O,13,34,...
03507,O1,1,22,...
03507,O2,12,12,14
03507,P,37,575,2910
03507,Q,13,112,...
03507,Q1,10,46,...
03507,Q2,3,66,801
03507,R,33,158,...
03507,R1,14,39,...
03507,R2,19,119,771
03524,AR,465,3798,...
03524,AB,16,118,4272
03524,CR,449,3680,...
03524,C,-,-,-
03524,D,36,290,...
03524,E,36,846,15832
03524,F,2,11,...
03524,G,1,1,...
03524,G1,1,1,...
03524,G2,-,-,-
03524,H,13,192,...
03524,I,133,762,14712
03524,J,4,29,...
03524,K,35,71,570
03524,L,6,23,184
03524,M,26,132,497
03524,N,46,116,829
03524,O,2,59,...
03524,O1,1,34,...
03524,O2,1,25,X
03524,P,65,938,5953
03524,Q,7,38,...
03524,Q1,6,25,...
03524,Q2,1,13,X
03524,R,37,172,...
03524,R1,14,33,...
03524,R2,23,139,1078
