code,year,fiscal_index,current_ratio,debt_ratio,revenue,expenditure,bond_balance,local_grant,staff
03201,2010,0.68,90.4,13.3,107117558,104336542,130470292,19027420,1400
03201,2011,0.67,94.3,13.6,114171023,112056912,130671597,19105267,1396
03201,2012,0.66,91.7,13.3,110786605,108909633,130725763,19282161,1399
03201,2013,0.67,92.9,12.6,110110147,108529321,130133858,17849717,1383
03201,2014,0.69,93.2,11.2,112499547,110007418,130695727,16703404,1401
03201,2015,0.72,94.6,10.4,114689418,112572210,132051241,15238281,1415
03201,2016,0.73,92.3,9.6,113085487,111524298,131943152,14719665,1416
03201,2017,0.74,94.4,9.5,110886019,109255976,130960250,13987675,1359
03201,2018,0.75,95.1,9.3,112067865,110325183,131002651,13338889,1349
03201,2019,0.75,96.3,9.5,116955668,115998661,133374073,13948042,1350
03201,2020,0.75,96.0,9.7,154591410,153178536,135325041,14261093,1356
03201,2021,0.74,92.1,9.9,139109169,136553886,138714290,16821853,1350
03201,2022,0.73,96.4,10.2,139303721,136577158,140306450,16082676,1367
03202,2010,0.34,81.5,14.2,30643113,29512783,38948706,12874711,481
03202,2011,0.32,88.1,12.9,56812211,50736324,38090123,20432779,488
03202,2012,0.31,88.2,11.9,105233760,98015157,37068719,22124833,466
03202,2013,0.32,92.6,11.6,88174977,82644459,35862675,16810337,478
03202,2014,0.32,93.8,11.6,75237331,70381363,34184006,16668311,480
03202,2015,0.35,92.4,11.7,70935318,63959423,34194456,17529187,484
03202,2016,0.36,90.8,11.4,65116441,60434508,36024635,15996371,473
03202,2017,0.38,90.8,10.7,55428915,52095694,39413981,12566964,468
03202,2018,0.38,91.8,9.7,46204939,43840141,42397059,12740136,466
03202,2019,0.39,93.0,8.8,42372399,40561463,45106413,12336251,452
03202,2020,0.39,93.0,8.2,48773098,46585065,46960788,12235201,454
03202,2021,0.38,92.2,8.3,40335627,38962170,45367497,11989719,453
03202,2022,0.37,93.5,9.1,36499262,35137801,44577578,11634130,463
03203,2010,0.41,85.6,11.3,18765669,18126947,22416944,6629993,269
03203,2011,0.39,93.9,11.7,57726717,48984254,21896218,15062218,276
03203,2012,0.38,88.4,11.6,102517635,89347858,21219896,17036402,259
03203,2013,0.39,86.7,12.5,84208833,70803575,21053410,9504616,264
03203,2014,0.42,92.9,11.8,67662916,58532596,20599283,10469461,267
03203,2015,0.45,89.9,10.9,66337538,56423974,21498545,8903762,261
03203,2016,0.46,92.7,10.6,62096340,56524636,23556066,10741515,262
03203,2017,0.46,92.6,10.8,44348857,40327005,23481477,9312061,265
03203,2018,0.46,92.0,11.8,33085391,31294200,23586927,8418175,269
03203,2019,0.46,92.9,11.7,26466799,24824819,23581157,7105943,269
03203,2020,0.46,93.3,11.9,30948822,28881191,23465428,6982219,265
03203,2021,0.46,89.4,11.6,24150487,23181124,23484549,6760398,272
03203,2022,0.45,94.9,12.0,24912781,24210517,24013315,6639495,272
03205,2010,0.45,81.9,18.2,48544356,46429811,59191610,16574171,658
03205,2011,0.43,82.9,16.1,50100597,48076555,58529151,17054146,640
03205,2012,0.43,83.8,14.2,45949297,43809372,55997183,16821521,621
03205,2013,0.43,82.7,12.4,46732712,44642271,54104921,16642915,608
03205,2014,0.44,86.0,11.3,50443387,48362801,53295875,18006625,605
03205,2015,0.45,87.1,10.5,51147665,49268565,53328358,15507827,601
03205,2016,0.45,87.3,9.9,51347081,49366876,54113981,15188326,602
03205,2017,0.46,88.1,9.8,50929302,48968543,54546158,14532554,597
03205,2018,0.47,90.6,9.5,50018384,48675275,55323158,13783023,603
03205,2019,0.47,92.7,9.3,49560769,48141579,56540709,13771640,596
03205,2020,0.48,86.1,8.6,64191672,62602892,56657117,13959842,595
03205,2021,0.47,83.9,8.3,58733269,55977366,55970657,14886100,592
03205,2022,0.46,90.3,8.4,57795188,54863508,53899600,14826774,596
03206,2010,0.68,79.6,12.5,43615366,42486057,48679077,7172593,432
03206,2011,0.65,84.5,14.2,35229507,33667617,46857878,7854160,433
03206,2012,0.63,83.5,15.9,35623638,34241944,44731337,7040937,435
03206,2013,0.65,85.8,16.8,40322877,38839876,43215174,6493654,446
03206,2014,0.66,88.5,16.6,40375179,39374781,39599342,8163179,457
03206,2015,0.67,89.5,16.1,38649947,37613409,37415784,6677849,480
03206,2016,0.67,89.7,15.5,36825934,36373350,35556545,6271368,481
03206,2017,0.69,88.5,15.5,38077514,37622823,34555826,5840833,464
03206,2018,0.71,86.4,13.7,39850806,38926341,35286852,5606859,477
03206,2019,0.72,89.8,11.0,42594170,41810416,37915951,5441566,477
03206,2020,0.76,92.0,7.9,58046136,56576905,41175177,5342049,478
03206,2021,0.79,94.2,7.0,49358568,47890379,43083909,6373334,486
03206,2022,0.86,91.3,6.7,49725516,47767873,43707978,3769973,493
03207,2010,0.39,80.2,15.8,20181460,19486302,27173259,7190783,271
03207,2011,0.39,84.6,15.5,25300935,22562286,26172469,9559617,271
03207,2012,0.37,84.6,15.6,31478379,29231310,26800717,8486386,271
03207,2013,0.37,86.0,15.5,29020080,27669267,26691700,8220719,276
03207,2014,0.38,87.8,14.6,28412749,26096534,26307036,9867844,276
03207,2015,0.40,91.9,14.2,26507852,24713996,25216383,7915544,273
03207,2016,0.41,92.4,13.9,29146378,25398234,24240188,8554840,267
03207,2017,0.41,92.7,13.9,27013418,24626846,23393694,7148954,272
03207,2018,0.42,92.8,13.8,25789404,23740406,23220340,6694095,271
03207,2019,0.42,95.7,14.2,25175094,23220882,22493685,7660141,268
03207,2020,0.42,88.6,13.6,29721958,27409483,22101992,8119073,270
03207,2021,0.41,91.2,12.5,25828598,24084731,21939099,7260974,273
03207,2022,0.40,96.8,11.6,24203243,22923459,21298842,7047799,267
03208,2010,0.26,80.2,13.0,20491551,19061277,18733409,8532335,243
03208,2011,0.25,80.6,11.8,22589539,21367814,19687243,8878597,241
03208,2012,0.25,81.0,12.0,23073233,22061379,21037038,8349037,238
03208,2013,0.26,78.7,10.8,20027824,19094272,20998814,8431476,233
03208,2014,0.27,83.2,11.2,22327915,20978201,21331553,8872089,234
03208,2015,0.27,87.1,11.4,22867301,21857835,21437749,8857954,231
03208,2016,0.28,92.6,13.5,20974250,19920795,20432325,8663075,215
03208,2017,0.29,88.0,13.3,21158407,20164261,20001224,7743477,209
03208,2018,0.29,87.2,12.6,19678950,18760702,18926337,7486647,201
03208,2019,0.30,88.1,11.5,20180611,19261080,18906850,7383559,198
03208,2020,0.31,88.4,11.1,23254741,22491445,18842383,7550334,200
03208,2021,0.31,87.2,10.8,23871200,22809388,19118078,7856910,207
03208,2022,0.31,90.3,11.1,21707588,20605172,18061228,7537346,203
03209,2010,0.38,85.2,16.5,62647863,60436756,74126372,23739080,764
03209,2011,0.35,86.8,15.9,77082876,72038676,78751284,30710338,729
03209,2012,0.35,87.1,15.3,78622012,75699383,80572039,26564463,789
03209,2013,0.37,88.0,14.7,76529413,72841316,83662879,26419071,779
03209,2014,0.38,89.3,13.9,76612996,73425828,86006756,25858255,770
03209,2015,0.38,88.6,12.8,72651580,69530781,88081242,25982436,863
03209,2016,0.38,89.9,11.9,67737454,65153862,85802140,25686453,863
03209,2017,0.37,92.1,11.6,67860344,65426399,84085155,25189715,855
03209,2018,0.37,93.5,11.5,65135020,63152096,81156903,24622500,836
03209,2019,0.37,96.2,11.4,69342686,67049248,79253813,24301311,835
03209,2020,0.37,95.8,10.7,85039579,80313198,75610091,24752699,807
03209,2021,0.37,94.7,10.1,78405365,73620414,72242796,25416267,791
03209,2022,0.36,94.4,9.6,84318663,79548368,70512179,25294268,767
03210,2010,0.27,80.5,18.2,12088937,11638511,14487456,5080445,185
03210,2011,0.26,108.8,18.0,51164860,45170916,13568158,13360214,149
03210,2012,0.25,99.4,17.7,111125005,103253095,12814115,13080437,162
03210,2013,0.23,85.8,17.3,131539942,125538421,12383703,10917044,165
03210,2014,0.23,80.3,15.5,108922026,105424629,12312077,9843384,175
03210,2015,0.26,86.8,14.1,66260234,64396657,12337501,13870484,196
03210,2016,0.29,88.9,13.7,81074141,76984106,12990956,18661650,202
03210,2017,0.31,93.6,14.2,90320627,89248430,12544292,12186288,196
03210,2018,0.31,94.2,15.0,82310089,78770850,11577414,18445894,194
03210,2019,0.33,94.3,15.0,83530586,80085510,11961759,17118623,177
03210,2020,0.33,94.5,14.9,70864736,64202997,13485890,15771992,168
03210,2021,0.33,89.4,14.5,31333783,26447126,13455063,8861079,163
03210,2022,0.32,90.9,14.2,25529191,24368769,12302114,4867756,161
03211,2010,0.46,84.0,11.9,18416060,16977800,20502389,5802543,298
03211,2011,0.43,93.6,12.1,53466432,47650866,19983277,13471790,294
03211,2012,0.41,94.1,12.8,117385980,108318295,19975145,15610501,302
03211,2013,0.42,93.7,13.7,89650331,75636478,19556628,15150713,321
03211,2014,0.44,95.8,14.3,97323664,79997985,20274914,21651797,328
03211,2015,0.47,98.8,14.1,81901572,69665889,20109291,16887841,328
03211,2016,0.50,97.6,13.1,84386748,72032320,21180966,13396570,329
03211,2017,0.51,98.4,12.8,71660312,67098680,22001951,6679018,327
03211,2018,0.50,97.4,13.3,57225580,53669125,23063879,8267412,346
03211,2019,0.52,99.8,14.6,56254317,53337640,25527401,15964946,344
03211,2020,0.53,99.1,15.8,42192290,41289541,20615121,4837812,324
03211,2021,0.51,94.9,14.4,23847090,23553020,20080272,5525675,301
03211,2022,0.49,98.2,12.9,22000009,21754713,18914038,5433192,284
03213,2010,0.34,88.8,15.9,17058605,16467214,22181791,6984986,287
03213,2011,0.33,88.9,14.7,17005890,16368176,21562012,6993578,271
03213,2012,0.32,90.3,14.2,17393540,16580339,20971108,6996185,282
03213,2013,0.33,89.3,13.3,20426107,19547960,21310359,7023444,271
03213,2014,0.34,89.9,12.3,18418643,17547925,20659449,6637870,269
03213,2015,0.35,88.9,11.2,18143172,17309877,19977503,6622931,261
03213,2016,0.36,89.3,11.1,17112062,16451211,18894551,6511898,263
03213,2017,0.36,89.9,11.4,18035144,17307044,18418494,6200517,260
03213,2018,0.37,91.6,11.7,17403529,16646871,17689679,6078411,265
03213,2019,0.37,94.0,11.3,18200504,17520787,17799762,6064226,252
03213,2020,0.36,93.9,11.2,21856595,21048216,17896245,6195455,249
03213,2021,0.36,92.5,10.9,21386409,20436789,18319139,6441927,245
03213,2022,0.36,96.4,11.3,20324815,19192491,17955735,6331024,243
03214,2010,0.30,85.8,14.4,18526042,17758812,17147129,8736754,282
03214,2011,0.29,86.7,13.0,20101955,19546134,17357593,8853650,273
03214,2012,0.29,84.4,12.2,19527077,18966189,17245352,9142876,266
03214,2013,0.29,85.5,11.5,21073513,20233743,18063098,8720015,254
03214,2014,0.30,85.8,10.3,22111434,21364308,19325903,8502161,264
03214,2015,0.30,85.9,9.9,21089247,20340597,18584048,8520886,267
03214,2016,0.29,88.6,10.9,21308994,20400788,17843343,8584383,267
03214,2017,0.29,92.6,12.7,21933236,21270876,17409269,8171894,263
03214,2018,0.29,94.9,14.2,22961843,22333870,17854142,7939286,257
03214,2019,0.30,98.3,15.6,21521208,20850043,17901249,7813913,254
03214,2020,0.30,98.3,16.2,24209884,23520748,17330470,7974833,255
03214,2021,0.30,97.2,16.9,24053469,23449046,17228637,8423921,257
03214,2022,0.30,97.6,16.3,20866951,20225487,15249862,8234112,257
03215,2010,0.42,87.2,19.9,58786262,57787502,78194597,22440023,681
03215,2011,0.40,85.5,17.8,61906844,60922059,76216697,24633481,661
03215,2012,0.39,88.7,17.0,68989888,68212099,84778246,21758453,665
03215,2013,0.40,90.7,16.8,61957310,61486304,83956757,21230401,647
03215,2014,0.41,88.5,16.7,59397599,58414920,80513037,20884445,631
03215,2015,0.41,89.3,16.2,61017208,60496682,79559574,20552294,623
03215,2016,0.42,92.7,16.0,60156174,59626218,77887809,20294685,600
03215,2017,0.42,95.0,16.2,57350810,56828876,73885605,19605800,591
03215,2018,0.43,97.0,16.6,58191564,57601187,69476001,18534788,589
03215,2019,0.44,98.0,16.6,61250381,60553528,67423650,21475781,587
03215,2020,0.44,96.4,16.2,74064959,72801745,64457074,19819453,619
03215,2021,0.43,92.0,15.0,65032461,62258551,61168747,19665366,619
03215,2022,0.43,99.7,16.7,64685694,62383954,54578152,18772429,617
03216,2013,0.55,88.0,6.7,18004825,17556905,14421806,3767296,
03216,2014,0.55,90.2,6.4,18502854,18039972,14903304,3983118,205
03216,2015,0.56,92.2,6.9,19838264,19178434,15848400,4044725,211
03216,2016,0.57,92.5,7.5,20530676,20208598,17201715,3945255,212
03216,2017,0.58,91.8,7.2,18627355,18155467,17172757,3907044,217
03216,2018,0.59,89.7,6.8,20760878,20323885,18489406,3884435,218
03216,2019,0.60,91.2,6.1,19514168,19051221,18859482,4027689,221
03216,2020,0.60,87.7,6.2,26467507,25894755,18603718,4084660,228
03216,2021,0.59,83.8,6.1,22744612,21839229,18317741,4488514,234
03216,2022,0.59,88.1,6.2,22913542,22168550,17596529,4655475,244
03301,2010,0.41,80.0,14.6,9693855,9481045,7770489,3531059,153
03301,2011,0.39,82.6,13.3,9210185,8956894,7623393,3737798,150
03301,2012,0.37,82.6,12.3,8955472,8730596,7546405,3660897,149
03301,2013,0.37,84.6,11.5,11181821,10184746,8095740,3866973,145
03301,2014,0.38,86.9,10.5,11965352,11046610,8440327,3628281,170
03301,2015,0.38,87.4,9.9,11040828,10699476,8425334,3636162,172
03301,2016,0.39,89.8,8.9,9796883,9544741,8267622,3528164,170
03301,2017,0.39,90.7,7.7,10643673,10319346,8547313,3535874,172
03301,2018,0.40,93.7,6.6,10577829,10379321,8934620,3516351,177
03301,2019,0.40,94.9,6.2,10306050,10087665,9336754,3506902,174
03301,2020,0.40,92.8,6.3,12499363,12313759,9336478,3686943,176
03301,2021,0.39,90.2,6.2,11176114,10877644,9172450,3959146,169
03301,2022,0.38,95.8,7.1,11444054,11158470,9042524,3926289,172
03302,2010,0.15,86.0,13.1,7111500,6770981,6353299,3477731,81
03302,2011,0.15,85.7,11.1,6410296,5908165,6062582,3504618,80
03302,2012,0.14,83.9,9.4,6879267,6373655,5847856,3823314,80
03302,2013,0.14,82.1,7.8,6597192,6191855,5665995,3507652,80
03302,2014,0.14,83.1,6.4,6630164,6248249,5610680,3443550,81
03302,2015,0.15,81.6,5.8,7052718,6396444,6268011,3546046,77
03302,2016,0.15,82.2,5.0,8307226,7130959,7279910,3434945,77
03302,2017,0.15,86.0,5.4,7872043,7231767,7701620,3258767,82
03302,2018,0.16,86.9,6.3,7221197,6426333,7887059,3227171,82
03302,2019,0.16,85.3,7.6,7003211,6208740,7667883,3316953,80
03302,2020,0.16,85.2,8.4,9668984,8874090,8652395,3522682,83
03302,2021,0.17,81.4,8.3,9250029,8906108,9458821,3641017,84
03302,2022,0.17,80.0,7.9,10333807,9409696,11024649,3839496,85
03303,2010,0.29,83.5,18.4,9206615,8851837,10967130,3752490,110
03303,2011,0.28,85.4,17.6,8809980,8595757,10444410,3739444,109
03303,2012,0.27,85.8,16.2,8622288,8388679,10198624,3660877,105
03303,2013,0.28,86.4,14.7,8006836,7771132,9719996,3614301,101
03303,2014,0.30,89.2,13.1,8464961,8218358,9407719,3416233,101
03303,2015,0.31,84.1,12.0,8165420,7906894,9104176,3459722,100
03303,2016,0.31,88.7,11.6,8093794,7794313,8786651,3378910,102
03303,2017,0.32,88.5,10.6,8197465,7958625,8500127,3226021,101
03303,2018,0.33,86.9,9.3,7926048,7701334,8432528,3223350,98
03303,2019,0.34,88.3,7.7,8238627,7995655,8496971,3213012,98
03303,2020,0.34,87.7,7.1,10186145,9884932,8621961,3415952,99
03303,2021,0.33,82.1,7.2,9689390,9388283,8795852,3756963,102
03303,2022,0.33,92.4,7.8,9684882,9226242,8671526,3657580,107
03305,2010,0.58,82.1,10.1,15802287,15111345,15692610,3676060,199
03305,2011,0.56,83.9,9.0,16018557,15533675,13402155,3885789,195
03305,2012,0.54,85.4,7.5,16313666,15731079,13598097,4576790,195
03305,2013,,,,,,,,202
03321,2010,0.42,82.0,16.8,12594746,12150184,9775527,4504098,175
03321,2011,0.41,84.9,14.2,13128361,12260023,9799654,4916359,176
03321,2012,0.40,87.8,12.9,14208412,13636634,10350943,4379455,176
03321,2013,0.40,85.1,11.5,13976259,13342110,10753091,4544999,178
03321,2014,0.41,89.0,11.8,14950978,14409353,11128625,4233584,174
03321,2015,0.43,87.3,12.5,14019705,13773983,11338798,4258507,180
03321,2016,0.44,88.9,13.8,13411072,13157632,11552730,3996189,180
03321,2017,0.45,92.6,14.5,14328881,14005501,12236263,4048580,177
03321,2018,0.46,94.8,14.0,13003066,12762587,12229105,4006165,178
03321,2019,0.47,96.0,13.4,13269531,12945384,12243857,3920537,177
03321,2020,0.47,93.1,12.9,18669780,18431599,12646045,4138423,178
03321,2021,0.47,88.0,12.9,16977572,16619152,13095777,4646254,177
03321,2022,0.46,92.6,13.6,15810096,15633966,12383833,4642607,181
03322,2010,0.61,77.6,16.3,10910280,10689418,10823626,2258149,130
03322,2011,0.59,83.3,15.6,12356353,12001792,11702720,2492442,129
03322,2012,0.59,80.7,15.6,11532806,11042872,12178658,2145074,127
03322,2013,0.61,89.8,15.9,12688993,12196332,12601164,2079071,125
03322,2014,0.63,94.2,15.5,12016478,11458420,12910580,1897381,124
03322,2015,0.65,94.6,14.9,12559001,12016124,13204529,1940157,124
03322,2016,0.66,93.4,14.3,10816688,10225817,12826809,1879451,125
03322,2017,0.67,95.6,13.6,12384039,11696078,12822099,1852785,131
03322,2018,0.67,98.5,12.9,13912999,13201617,12942109,1872108,134
03322,2019,0.68,99.7,13.9,14127097,13574623,13360158,1881316,135
03322,2020,0.69,99.5,15.0,15312044,14908594,12820578,2005814,131
03322,2021,0.67,93.5,15.8,13486647,12938415,12204271,2314338,137
03322,2022,0.66,98.2,15.7,13362761,12815966,11360835,2248855,147
03366,2010,0.15,83.0,14.8,7565751,6900063,8036237,4294463,102
03366,2011,0.15,85.3,13.4,8254754,8104803,7795996,4187073,101
03366,2012,0.15,78.9,12.1,7175213,6855804,7471916,4439516,101
03366,2013,0.15,79.1,11.3,8065180,7700814,7379195,4389533,100
03366,2014,0.15,83.0,9.8,9120927,8883245,7764727,4382747,101
03366,2015,0.15,84.4,8.8,7742399,7442496,7589499,4312012,104
03366,2016,0.15,85.3,8.5,7674825,7380539,7497417,4001128,101
03366,2017,0.15,88.8,9.0,7453559,7262437,7451720,3826736,101
03366,2018,0.15,89.8,9.9,7281879,6965113,7441827,3743112,100
03366,2019,0.15,87.8,10.8,7218107,6951024,7466354,3843196,96
03366,2020,0.15,86.1,11.2,8327768,7965373,7616182,3978261,94
03366,2021,0.15,89.6,12.8,9601047,9189492,8551178,4262036,91
03366,2022,0.14,91.6,14.1,8157447,7833996,8366882,4612012,92
03381,2010,0.56,71.2,15.5,9055573,8799069,12021387,2357831,88
03381,2011,0.56,79.7,15.9,7695529,7411951,11161610,2263780,89
03381,2012,0.55,71.8,17.3,9142764,8940637,10385968,2184415,90
03381,2013,0.60,83.6,17.7,9693810,9440503,9699907,1970614,89
03381,2014,0.58,74.9,17.5,9484529,9218826,9154100,2395876,90
03381,2015,0.57,76.8,16.6,9050703,8643988,8708333,2413446,92
03381,2016,0.55,78.4,16.0,8582039,8032174,8178523,2101972,96
03381,2017,0.60,87.6,15.4,9017324,8565955,7655236,1878879,103
03381,2018,0.65,85.2,14.7,8463124,8099965,7181673,1823522,105
03381,2019,0.68,84.1,14.4,9602540,9243157,7066300,2227544,108
03381,2020,0.68,85.1,13.8,12482266,11935854,7023676,2322757,109
03381,2021,0.67,86.7,13.2,11137979,10725945,6825239,2276657,107
03381,2022,0.65,82.7,12.3,10449020,10144558,6500321,2329212,109
03402,2010,0.30,87.3,18.2,4519753,4392960,5183051,1965869,79
03402,2011,0.29,87.4,15.6,5496788,5298160,5390277,2218066,77
03402,2012,0.28,88.2,13.7,4722703,4546261,5312738,2030475,79
03402,2013,0.29,86.5,11.8,4740529,4591537,5155753,1991968,79
03402,2014,0.30,89.4,10.2,4427489,4285932,5009168,1924715,78
03402,2015,0.31,88.3,9.0,4609711,4464025,4851750,2006973,80
03402,2016,0.31,88.2,9.3,5144771,5006658,4681170,1962122,80
03402,2017,0.31,89.9,9.1,4851209,4721294,4603555,1954405,79
03402,2018,0.32,91.1,9.1,4933818,4743977,4515972,1921610,82
03402,2019,0.33,91.2,8.6,5306928,5122812,4633362,1920791,86
03402,2020,0.32,88.1,8.8,6057066,5853282,4580751,2106933,84
03402,2021,0.31,86.7,9.1,6224583,6037604,5243110,2284749,85
03402,2022,0.30,94.7,10.3,5250228,5055751,5173296,2206856,84
03422,2010,0.22,80.0,20.6,6827186,5406190,4453034,3076360,81
03422,2011,,,,,,,,78
03441,2010,0.17,77.0,8.2,4611744,4314065,4938180,2463012,84
03441,2011,0.16,78.6,7.4,5381979,5123903,4878034,2815653,86
03441,2012,0.15,76.6,6.8,5198352,5033129,5088917,2616445,85
03441,2013,0.15,76.8,6.9,6206304,5938614,5183476,2686581,86
03441,2014,0.16,80.5,6.2,6170501,5971983,5895628,2520185,85
03441,2015,0.17,81.9,6.4,5271444,5101776,6169630,2532535,86
03441,2016,0.17,83.7,5.9,4969254,4751767,6331187,2513707,87
03441,2017,0.18,85.1,6.1,5156746,4861544,6686682,2484448,89
03441,2018,0.19,90.4,6.9,4834919,4693186,6362747,2508528,89
03441,2019,0.19,90.5,8.6,4679772,4591087,6025124,2522035,88
03441,2020,0.19,86.2,9.6,5930483,5767946,5992074,2652545,90
03441,2021,0.18,79.8,9.0,5745470,5519070,5603624,2914287,86
03441,2022,0.19,80.8,7.8,5275770,5187744,5203258,2718768,83
03461,2010,0.31,71.8,10.1,6710986,5792245,6928596,2729258,85
03461,2011,0.30,93.8,11.8,28022290,24419076,6527205,7980090,73
03461,2012,0.27,81.7,11.4,89151981,85740741,6404479,6917043,90
03461,2013,0.24,80.9,14.0,45824313,43555437,6180779,9008681,113
03461,2014,0.22,81.8,11.3,40020182,35589514,5924096,9897098,114
03461,2015,0.24,81.2,11.1,60814103,55945655,5986234,10115294,144
03461,2016,0.25,82.4,9.9,51103642,49899827,5991621,6958515,144
03461,2017,0.27,84.6,9.8,43259725,41507884,6274446,9839249,137
03461,2018,0.29,92.6,10.7,34067235,31924483,6380819,8257907,123
03461,2019,0.31,92.8,12.2,23597260,21229628,6555716,5484111,116
03461,2020,0.32,91.5,13.0,20354831,18949589,6837645,3021698,118
03461,2021,0.31,90.6,12.7,13438139,12492930,7478260,3703628,116
03461,2022,0.29,95.7,12.5,11105331,10555763,7193486,3263674,109
03482,2010,0.27,79.1,14.5,8411928,7117655,9283436,3483939,129
03482,2011,0.26,90.4,13.6,22741633,21365887,8207756,7225404,138
03482,2012,0.25,89.0,12.9,82900020,79951388,7759379,7699710,135
03482,2013,0.26,86.2,12.5,54111874,51109546,7375222,7513265,135
03482,2014,0.26,82.2,11.0,56680206,48856534,7090877,7639826,144
03482,2015,0.27,86.3,9.9,58365284,48545454,6995729,10107895,148
03482,2016,0.28,86.0,8.7,51080077,45529867,7858657,5981261,161
03482,2017,0.30,87.0,8.4,30462023,27255555,8682124,6481047,153
03482,2018,0.31,88.6,7.8,38432184,36361047,8795475,6137494,161
03482,2019,0.32,89.9,7.2,20245870,18911189,9409479,3967362,157
03482,2020,0.33,89.9,6.1,21436813,20528346,9894133,3738412,160
03482,2021,0.32,85.4,5.4,13884354,13427978,10803866,3443014,156
03482,2022,0.31,88.1,4.0,13768164,13158178,12221986,3692046,159
03483,2010,0.15,79.7,11.6,10580494,10133946,10417918,4869146,132
03483,2011,0.14,79.5,11.2,12754315,11758666,10687334,5735133,136
03483,2012,0.14,75.4,9.4,14731928,14114910,10771844,5877479,135
03483,2013,0.14,75.3,8.2,16730312,14989769,12035068,5546822,129
03483,2014,0.14,80.6,6.8,15999216,15022798,12590265,6217399,131
03483,2015,0.15,79.4,6.3,16093101,15012812,13421932,5255579,138
03483,2016,0.15,77.7,6.7,18088534,14678717,14156269,7502019,140
03483,2017,0.15,81.7,8.7,23270153,21481187,16193350,5495393,151
03483,2018,0.16,88.4,10.8,19659825,17592464,15678104,5410908,155
03483,2019,0.16,90.5,13.0,14019857,13145109,15259491,5520409,148
03483,2020,0.16,95.9,13.8,13181412,12502384,14550816,5397968,149
03483,2021,0.16,88.8,14.0,11493598,10849368,13780039,5817291,143
03483,2022,0.16,91.0,13.5,10676887,9996454,12741512,5827885,138
03484,2010,0.13,80.2,11.6,4411574,4047465,4785500,2110528,48
03484,2011,0.12,84.1,11.4,11303426,10678767,4827702,3020082,48
03484,2012,0.12,84.5,10.8,19685983,18725540,4846614,3882142,49
03484,2013,0.12,84.3,10.5,11111621,10179400,4753739,3439875,51
03484,2014,0.12,86.3,9.6,12644080,11469462,4626836,3603444,53
03484,2015,0.13,84.3,9.0,11035079,9861466,4420478,3248800,56
03484,2016,0.14,87.9,8.6,8642632,7829045,4485547,2752163,54
03484,2017,0.15,89.5,8.2,9036112,8328327,4300354,2166017,53
03484,2018,0.16,89.4,8.4,7553029,7064697,4209410,2022126,51
03484,2019,0.16,93.6,8.7,6964141,6290548,4404432,2349061,44
03484,2020,0.16,88.0,8.7,8653415,7903879,5397182,1994196,49
03484,2021,0.16,86.5,8.5,5784830,5538479,5461351,2036521,47
03484,2022,0.15,90.0,8.6,4524944,4335614,5268957,2038012,52
03485,2010,0.14,82.5,16.0,3286565,3222394,3455738,1566513,44
03485,2011,0.14,85.9,15.2,5210301,4639838,3803155,2066413,40
03485,2012,0.14,90.0,14.5,5650552,4534287,3678923,2156126,45
03485,2013,0.13,84.3,13.8,4678906,4410796,3603572,1652415,41
03485,2014,0.14,89.6,12.3,3019802,2862102,3531436,1494931,41
03485,2015,0.14,89.1,11.7,3340704,3228777,3657030,1645059,42
03485,2016,0.15,87.0,11.5,3527618,3322781,3920853,1586710,43
03485,2017,0.15,88.8,11.2,3373872,3175440,3996802,1668571,43
03485,2018,0.16,91.2,10.4,3315257,3197022,3926571,1539159,46
03485,2019,0.16,95.6,10.2,3756909,3466858,4015970,1777218,44
03485,2020,0.17,98.6,9.6,5165654,4907433,4075991,1680831,51
03485,2021,0.16,101.6,9.4,4634212,4531674,4206517,1709768,49
03485,2022,0.15,91.8,9.1,4310899,4234227,4256323,1728457,50
03501,2010,0.21,83.6,14.9,7667506,6773176,6436497,3158672,113
03501,2011,0.21,85.2,13.7,7326519,6954939,6238256,3151192,111
03501,2012,0.20,84.8,12.3,6435856,5991320,6408367,3038067,104
03501,2013,0.21,84.7,10.9,7808330,7245075,6910232,3016333,102
03501,2014,0.21,83.7,10.1,7341863,7117185,6940875,2963390,101
03501,2015,0.22,86.4,9.3,6514423,6273075,7121960,2996974,102
03501,2016,0.23,88.6,9.0,6642788,6133779,7356419,2958997,104
03501,2017,0.24,88.7,8.9,7248267,6737239,7533373,2885645,103
03501,2018,0.25,91.5,9.6,6446618,6167814,7713520,2783806,98
03501,2019,0.26,96.2,10.5,6548846,6330381,8024280,2769658,101
03501,2020,0.29,89.8,10.8,8277410,7741098,8396989,2651554,100
03501,2021,0.31,85.8,10.9,7782976,7202132,8451986,2944238,101
03501,2022,0.34,87.6,10.8,8608773,7967505,8885868,2816083,94
03503,2010,0.17,76.6,11.5,3432584,3548319,2970783,1661387,40
03503,2011,0.17,88.0,9.4,8491987,7624046,2916711,2746197,41
03503,2012,0.16,88.6,7.1,17130613,16369605,2834876,2871346,44
03503,2013,0.16,84.0,7.6,12140156,11256221,2815528,2883208,46
03503,2014,0.16,92.0,6.1,9953238,9505873,3005398,1921675,49
03503,2015,0.17,85.9,6.1,8092208,7720377,3234965,2341750,52
03503,2016,0.18,83.1,6.4,7845058,7200915,3529191,2652771,57
03503,2017,0.19,88.4,6.9,5666593,5463765,3541721,1935914,57
03503,2018,0.20,91.4,7.4,3800602,3572783,3467634,1748563,56
03503,2019,0.21,92.8,7.1,4226269,3829864,3567740,1857499,51
03503,2020,0.21,87.4,7.1,4775732,4366698,3574135,1840079,51
03503,2021,0.20,81.4,6.6,4460448,4185844,3653769,1849857,54
03503,2022,0.20,87.3,6.4,4712333,4483905,4029151,1781804,53
03506,2010,0.18,74.7,13.7,4876370,4502677,3855870,2297923,53
03506,2011,0.18,77.6,11.2,4357356,4142303,3719824,2299708,57
03506,2012,0.17,76.6,8.5,4294881,4197879,3738731,2320884,56
03506,2013,0.17,73.0,6.7,3981501,3815845,3900725,2275936,57
03506,2014,0.17,75.1,4.8,4230222,4043912,3983348,2203471,57
03506,2015,0.18,74.6,3.9,4408613,4160649,4101350,2231019,57
03506,2016,0.18,76.2,3.8,4384034,4113330,4229243,2176135,58
03506,2017,0.20,80.0,4.5,4837214,4450417,4421123,2077237,59
03506,2018,0.21,82.2,5.4,4113965,3730371,4380961,1983081,58
03506,2019,0.21,82.4,6.2,4495200,4109386,4510427,2032206,59
03506,2020,0.21,82.1,6.9,4920961,4785306,4433099,2185106,54
03506,2021,0.20,81.1,7.2,5592964,5506747,4845408,2429560,64
03506,2022,0.20,86.5,7.6,5242138,4904731,5121959,2447515,63
03507,2010,0.22,86.7,12.9,12489499,11386402,12064454,5637438,175
03507,2011,0.21,88.6,11.5,14866805,13696338,11934460,6157834,176
03507,2012,0.20,89.3,10.5,14593962,13683107,12601179,5856874,183
03507,2013,0.21,89.9,10.2,16192710,15606538,13279907,5843426,171
03507,2014,0.21,89.9,9.5,14510524,13655677,14496251,5605091,168
03507,2015,0.23,90.9,9.6,12592365,11952958,14574461,5740089,159
03507,2016,0.23,91.1,9.9,12167026,11808659,14712143,5219461,160
03507,2017,0.24,90.8,11.0,11529612,11188490,14513841,5150667,169
03507,2018,0.25,91.6,11.8,11863187,11494053,13912898,5012285,167
03507,2019,0.26,91.5,12.6,11615016,11013339,13214912,5559758,168
03507,2020,0.26,85.8,12.2,13787524,12965120,12796945,5684964,172
03507,2021,0.26,90.3,11.6,12431194,11859524,12247508,5451552,176
03507,2022,0.26,90.3,11.4,11260951,11148745,11081432,5316759,174
03524,2010,0.30,82.7,12.4,9523497,8633218,9682182,3573335,101
03524,2011,0.29,87.0,12.4,8910772,8605406,9090116,3516054,100
03524,2012,0.28,85.0,11.7,8625588,8297940,8841918,3444809,98
03524,2013,0.30,85.6,10.6,9493203,9163933,8578207,3414141,99
03524,2014,0.31,87.9,9.3,9092078,8747156,8288281,3299267,97
03524,2015,0.32,88.5,8.3,8626806,8271793,7965845,3377192,97
03524,2016,0.33,87.0,7.5,8429642,7980409,7872452,3281923,94
03524,2017,0.33,92.0,7.7,8587237,8261242,7892628,3156381,94
03524,2018,0.34,93.3,8.4,8159712,7788776,7433297,3202624,95
03524,2019,0.34,93.6,8.9,8916649,8581726,7209070,3242588,94
03524,2020,0.34,92.3,8.7,10527168,10118365,7222930,3290083,95
03524,2021,0.34,87.0,7.8,10241030,9747936,7272502,3503765,97
03524,2022,0.34,91.9,6.7,9808998,9364841,7265934,3559277,103
