year,code,total,households,births,deaths,in_total,out_total
2026,03000,1136186,534947,4855,19575,33961,36818
2026,03201,274941,138820,1474,3738,10104,10274
2026,03202,44562,22204,182,966,989,1275
2026,03203,31392,14655,128,636,802,955
2026,03205,88618,39107,410,1538,2404,2536
2026,03206,90504,42603,449,1233,3754,3541
2026,03207,30587,15253,123,559,802,998
2026,03208,23301,10568,75,532,493,660
2026,03209,103421,46178,377,1990,2494,2963
2026,03210,16802,7530,57,368,338,449
2026,03211,28097,15133,93,647,778,1062
2026,03213,23587,11593,69,441,552,747
2026,03214,22802,10849,68,455,801,740
2026,03215,106116,46712,393,2028,2502,2547
2026,03216,53876,24252,238,582,1845,2030
2026,03301,14679,6360,57,302,291,356
2026,03302,5115,2585,10,140,82,134
2026,03303,11192,5220,25,259,266,368
2026,03321,32419,13214,168,457,955,932
2026,03322,26060,11362,139,325,1190,1105
2026,03366,4486,2123,11,147,85,125
2026,03381,15068,6658,76,231,805,704
2026,03402,6539,2600,17,141,113,185
2026,03441,4547,2018,10,139,126,119
2026,03461,10213,5197,39,218,197,299
2026,03482,13508,6338,46,267,231,352
2026,03483,7625,3988,22,189,143,195
2026,03484,2800,1318,5,72,59,80
2026,03485,2244,1052,6,45,48,58
2026,03501,7668,3579,19,179,107,188
2026,03503,3807,1667,15,75,70,104
2026,03506,4956,2181,10,117,103,123
2026,03507,14343,6706,28,302,220,349
2026,03524,10311,5324,16,257,212,265
2025,03000,1153900,534966,4929,19678,33681,37213
2025,03201,277423,138578,1490,3818,10042,10532
2025,03202,45632,22418,155,899,865,1348
2025,03203,32059,14722,119,644,730,980
2025,03205,89867,39002,362,1524,2346,2404
2025,03206,91090,42022,468,1244,3808,3490
2025,03207,31216,15332,111,586,703,1017
2025,03208,23930,10658,90,536,516,664
2025,03209,105505,46286,363,2082,2483,2805
2025,03210,17226,7579,53,361,358,463
2025,03211,28934,15367,118,696,749,1123
2025,03213,24157,11680,87,461,576,699
2025,03214,23179,10787,60,498,818,730
2025,03215,107798,46554,451,1962,2378,2827
2025,03216,54413,24238,271,548,1904,2131
2025,03301,14995,6361,58,307,310,357
2025,03302,5293,2629,16,133,119,142
2025,03303,11542,5290,29,258,299,362
2025,03321,32684,13102,151,471,968,864
2025,03322,26160,11222,135,330,1118,1105
2025,03366,4659,2168,3,128,84,140
2025,03381,15119,6503,65,211,661,576
2025,03402,6734,2607,19,131,139,152
2025,03441,4681,2067,6,110,102,121
2025,03461,10492,5232,44,211,237,290
2025,03482,13854,6408,54,284,279,435
2025,03483,7843,4055,20,176,155,194
2025,03484,2888,1334,4,81,73,86
2025,03485,2293,1062,8,52,57,81
2025,03501,7907,3651,29,193,130,188
2025,03503,3901,1678,14,66,74,93
2025,03506,5084,2190,13,119,94,141
2025,03507,14739,6769,41,308,282,324
2025,03524,10603,5415,22,250,224,349
2024,03000,1172349,534717,5484,19675,35702,38664
2024,03201,280286,138499,1619,3747,10611,11103
2024,03202,46866,22694,216,987,1088,1483
2024,03203,32845,14773,127,617,903,1093
2024,03205,91094,38846,399,1592,2423,2536
2024,03206,91547,41402,509,1219,3781,3583
2024,03207,32000,15417,138,553,788,1024
2024,03208,24528,10692,93,526,606,705
2024,03209,107555,46340,456,2118,2618,3084
2024,03210,17647,7601,64,368,431,448
2024,03211,29902,15716,121,632,1042,1245
2024,03213,24655,11688,99,482,648,744
2024,03214,23541,10612,57,459,581,597
2024,03215,109747,46448,461,2006,2531,2871
2024,03216,54933,24149,321,566,2073,2152
2024,03301,15301,6399,45,275,336,362
2024,03302,5433,2645,11,150,117,152
2024,03303,11841,5334,42,233,303,393
2024,03321,32904,12930,188,457,1020,897
2024,03322,26341,11162,143,294,1041,1117
2024,03366,4840,2198,7,134,91,140
2024,03381,15183,6372,82,212,684,602
2024,03402,6859,2605,25,147,158,189
2024,03441,4817,2084,14,128,167,130
2024,03461,10709,5276,38,215,228,271
2024,03482,14240,6456,60,261,300,345
2024,03483,8038,4130,19,223,200,270
2024,03484,2977,1346,10,57,55,91
2024,03485,2362,1076,9,60,38,67
2024,03501,8134,3699,20,176,156,176
2024,03503,3975,1678,17,80,93,75
2024,03506,5238,2205,8,113,90,106
2024,03507,15051,6764,37,323,255,337
2024,03524,10960,5481,29,265,246,276
2023,03000,1189670,533908,5798,19329,36155,39309
2023,03201,282960,138238,1701,3670,10901,11208
2023,03202,48038,22959,204,932,1085,1597
2023,03203,33540,14765,133,591,931,1186
2023,03205,92385,38726,457,1611,2513,2472
2023,03206,92056,40866,508,1138,3741,3468
2023,03207,32645,15488,135,554,891,1168
2023,03208,25058,10689,96,471,599,686
2023,03209,109697,46385,442,2097,2514,2937
2023,03210,17970,7609,59,356,387,458
2023,03211,30624,15881,115,699,969,1167
2023,03213,25138,11715,90,474,634,778
2023,03214,23975,10598,94,478,646,571
2023,03215,111632,46340,549,1903,2722,2901
2023,03216,55273,24034,347,516,2103,2278
2023,03301,15559,6374,50,283,350,352
2023,03302,5607,2678,22,143,129,145
2023,03303,12133,5374,44,269,335,407
2023,03321,33049,12814,193,450,1013,902
2023,03322,26570,10985,139,308,1000,1200
2023,03366,5022,2225,11,165,105,143
2023,03381,15239,6268,98,244,607,643
2023,03402,7010,2605,26,161,124,215
2023,03441,4906,2073,11,105,129,171
2023,03461,10928,5279,49,207,275,350
2023,03482,14486,6475,63,262,296,419
2023,03483,8310,4204,20,224,189,264
2023,03484,3061,1359,6,71,69,61
2023,03485,2441,1102,8,50,52,52
2023,03501,8312,3687,25,209,147,199
2023,03503,4027,1661,18,75,95,114
2023,03506,5365,2183,19,97,96,121
2023,03507,15421,6787,34,270,294,355
2023,03524,11233,5482,32,246,214,321
2022,03000,1206479,532269,6500,17666,34725,38132
2022,03201,285270,137623,1952,3365,11041,11133
2022,03202,49274,23163,248,830,1056,1753
2022,03203,34285,14801,142,602,763,1102
2022,03205,93493,38478,453,1440,2354,2309
2022,03206,92413,40222,556,1083,3652,3077
2022,03207,33344,15526,167,497,732,1157
2022,03208,25526,10673,116,463,460,600
2022,03209,111792,46338,482,1894,2250,2632
2022,03210,18338,7628,79,277,397,494
2022,03211,31413,15911,150,644,869,1130
2022,03213,25665,11744,129,400,529,729
2022,03214,24287,10540,101,443,475,632
2022,03215,113162,46049,599,1751,2422,2753
2022,03216,55642,23912,390,482,2297,2145
2022,03301,15795,6376,55,264,334,444
2022,03302,5745,2686,19,115,119,152
2022,03303,12425,5375,44,258,223,405
2022,03321,33188,12702,196,411,1150,938
2022,03322,26940,10881,172,263,1037,1144
2022,03366,5219,2257,9,117,93,129
2022,03381,15419,6236,90,211,647,658
2022,03402,7232,2620,24,126,140,143
2022,03441,5050,2080,20,127,96,148
2022,03461,11158,5291,52,206,244,347
2022,03482,14808,6495,71,263,317,389
2022,03483,8591,4294,37,181,159,291
2022,03484,3117,1366,6,65,68,85
2022,03485,2483,1105,8,55,51,91
2022,03501,8555,3725,24,161,144,222
2022,03503,4105,1668,18,60,74,99
2022,03506,5468,2156,17,115,92,132
2022,03507,15717,6794,38,249,243,345
2022,03524,11560,5554,36,248,197,324
2021,03000,1221205,530800,6731,17263,35250,38907
2021,03201,286820,136942,1890,3148,11122,11448
2021,03202,50562,23428,265,871,1119,1678
2021,03203,35107,14868,163,574,888,1196
2021,03205,94438,38085,496,1405,2371,2286
2021,03206,92370,39403,567,1065,3402,3082
2021,03207,34094,15653,191,493,826,1116
2021,03208,26013,10702,128,506,480,645
2021,03209,113604,46311,553,1784,2283,2866
2021,03210,18637,7621,95,353,435,467
2021,03211,32176,16113,130,606,832,1138
2021,03213,26138,11840,122,401,577,732
2021,03214,24788,10559,83,416,555,698
2021,03215,114644,45870,629,1730,2349,2698
2021,03216,55605,23629,407,481,2619,2374
2021,03301,16113,6370,65,273,321,382
2021,03302,5874,2704,22,122,102,146
2021,03303,12826,5461,65,247,294,418
2021,03321,33178,12500,181,412,1199,910
2021,03322,27133,10786,176,235,933,1136
2021,03366,5364,2258,13,125,80,140
2021,03381,15561,6193,105,197,578,539
2021,03402,7330,2616,30,121,121,188
2021,03441,5225,2118,17,104,103,174
2021,03461,11417,5304,54,213,242,347
2021,03482,15073,6526,72,234,331,426
2021,03483,8870,4380,34,201,195,312
2021,03484,3193,1378,11,70,60,122
2021,03485,2570,1120,11,51,60,82
2021,03501,8773,3769,30,146,129,214
2021,03503,4170,1666,19,60,98,106
2021,03506,5608,2175,11,89,107,118
2021,03507,16032,6815,53,286,250,425
2021,03524,11899,5637,43,244,189,298
2020,03000,1235517,528691,7006,17849,38879,42292
2020,03201,288470,136123,2014,3123,11640,12122
2020,03202,51744,23654,288,933,1297,1864
2020,03203,35849,14949,176,651,1277,1548
2020,03205,95235,37774,507,1419,2615,2486
2020,03206,92546,38624,625,1145,3659,3335
2020,03207,34696,15723,178,501,982,1160
2020,03208,26555,10741,125,528,528,725
2020,03209,115426,46293,549,1954,2434,3078
2020,03210,18931,7618,84,320,513,533
2020,03211,32977,16319,155,641,994,1365
2020,03213,26576,11835,118,466,704,861
2020,03214,25276,10536,109,478,584,804
2020,03215,116082,45595,619,1709,2564,2754
2020,03216,55448,23264,392,471,2969,2722
2020,03301,16385,6347,71,253,332,461
2020,03302,6017,2712,21,142,109,174
2020,03303,13137,5448,54,217,304,442
2020,03321,33114,12263,187,378,1159,1001
2020,03322,27377,10689,191,278,1252,1109
2020,03366,5537,2299,13,105,92,142
2020,03381,15622,6114,100,225,679,555
2020,03402,7485,2614,34,122,149,220
2020,03441,5384,2152,26,113,148,160
2020,03461,11663,5323,61,214,306,412
2020,03482,15330,6582,61,268,363,486
2020,03483,9158,4416,48,201,221,317
2020,03484,3313,1414,10,71,60,114
2020,03485,2628,1130,11,47,43,99
2020,03501,8984,3777,32,167,157,217
2020,03503,4220,1660,20,67,109,93
2020,03506,5706,2176,26,99,97,111
2020,03507,16436,6843,58,282,306,460
2020,03524,12210,5684,43,261,233,362
2019,03000,1250142,526690,7674,17435,37933,42042
2019,03201,290136,135472,2105,3114,11591,12268
2019,03202,52973,23884,344,919,1377,1968
2019,03203,36655,15038,199,610,1402,1523
2019,03205,96000,37372,570,1505,2300,2416
2019,03206,92742,37929,642,1029,3261,3045
2019,03207,35199,15670,194,486,978,1152
2019,03208,27161,10793,152,520,546,788
2019,03209,117530,46372,628,1955,2652,3029
2019,03210,19201,7608,85,326,486,582
2019,03211,33837,16552,183,616,1036,1410
2019,03213,27087,11852,156,444,633,819
2019,03214,25876,10583,117,427,561,647
2019,03215,117360,45235,702,1693,2436,2918
2019,03216,55288,22991,407,454,2777,2591
2019,03301,16708,6343,81,241,340,422
2019,03302,6203,2744,20,118,105,159
2019,03303,13454,5455,69,234,323,464
2019,03321,33142,12040,187,392,1020,961
2019,03322,27319,10400,200,228,1136,1170
2019,03366,5681,2306,15,129,92,134
2019,03381,15644,6017,105,199,549,556
2019,03402,7643,2640,48,122,159,221
2019,03441,5515,2170,24,106,114,142
2019,03461,11925,5396,70,182,392,413
2019,03482,15665,6615,84,246,354,506
2019,03483,9407,4459,38,187,271,314
2019,03484,3430,1433,12,71,80,124
2019,03485,2721,1147,15,46,63,83
2019,03501,9193,3783,52,167,171,261
2019,03503,4251,1637,35,66,95,124
2019,03506,5802,2168,21,112,89,113
2019,03507,16824,6853,59,258,329,419
2019,03524,12570,5733,55,233,215,300
2018,03000,1264329,524685,8218,17263,37468,41019
2018,03201,291859,134747,2258,3055,11883,11979
2018,03202,54159,24109,314,840,1493,1953
2018,03203,37264,14994,217,578,1315,1487
2018,03205,97027,37070,608,1463,2158,2328
2018,03206,92911,37338,718,1054,3000,3018
2018,03207,35678,15601,227,486,905,1101
2018,03208,27772,10848,136,506,582,721
2018,03209,119273,46327,654,1961,2625,3056
2018,03210,19553,7605,108,296,452,556
2018,03211,34656,16784,207,596,1116,1331
2018,03213,27566,11870,146,455,699,851
2018,03214,26287,10561,124,455,569,626
2018,03215,118852,45008,782,1621,2348,2762
2018,03216,55152,22670,429,459,2542,2603
2018,03301,16959,6322,89,255,411,386
2018,03302,6355,2754,23,141,153,167
2018,03303,13761,5444,57,245,303,401
2018,03321,33288,11885,214,378,910,963
2018,03322,27372,10226,227,250,1102,952
2018,03366,5839,2332,22,113,88,146
2018,03381,15751,5966,114,228,516,571
2018,03402,7780,2652,50,120,160,195
2018,03441,5652,2186,23,114,116,186
2018,03461,12055,5414,74,214,323,421
2018,03482,15984,6663,97,230,395,465
2018,03483,9613,4489,41,178,231,316
2018,03484,3533,1449,21,73,76,83
2018,03485,2776,1162,19,54,55,69
2018,03501,9399,3780,44,167,209,272
2018,03503,4315,1649,23,63,78,120
2018,03506,5927,2166,24,103,97,151
2018,03507,17131,6850,75,292,291,439
2018,03524,12830,5764,53,220,267,344
2017,03000,1277271,523065,8363,16995,38077,41338
2017,03201,292795,133982,2292,2977,11774,12359
2017,03202,55150,24211,322,868,1537,1867
2017,03203,37891,15005,233,560,1445,1588
2017,03205,98059,36909,591,1386,2235,2341
2017,03206,93268,36850,697,1007,2917,3035
2017,03207,36141,15600,247,512,859,1170
2017,03208,28285,10898,146,474,666,740
2017,03209,121059,46270,697,1902,2668,2993
2017,03210,19871,7600,97,304,500,599
2017,03211,35272,16844,191,633,1175,1271
2017,03213,28034,11883,157,438,651,837
2017,03214,26679,10502,139,450,508,694
2017,03215,120099,44868,768,1687,2465,2732
2017,03216,55246,22495,456,409,2439,2397
2017,03301,17103,6236,110,231,373,501
2017,03302,6486,2776,22,132,114,206
2017,03303,14047,5451,64,213,343,410
2017,03321,33495,11826,192,385,968,948
2017,03322,27243,10066,203,253,1248,1066
2017,03366,5992,2353,29,116,100,131
2017,03381,15935,5959,134,210,528,525
2017,03402,7886,2643,43,116,191,235
2017,03441,5842,2247,19,103,206,154
2017,03461,12298,5464,73,174,359,355
2017,03482,16191,6692,97,244,387,452
2017,03483,9842,4548,68,223,243,312
2017,03484,3590,1443,29,67,80,80
2017,03485,2823,1162,7,42,79,76
2017,03501,9583,3768,47,177,189,241
2017,03503,4397,1656,30,70,128,126
2017,03506,6068,2171,34,99,112,122
2017,03507,17515,6855,72,264,313,414
2017,03524,13086,5832,57,269,277,361
2016,03000,1289470,520986,8900,16620,39646,43040
2016,03201,294106,133149,2427,2978,12149,12577
2016,03202,56031,24259,395,873,1506,1784
2016,03203,38421,15066,267,552,1452,1574
2016,03205,98975,36717,649,1278,2343,2517
2016,03206,93692,36496,747,898,3208,3125
2016,03207,36722,15669,246,436,984,1185
2016,03208,28692,10900,158,443,665,789
2016,03209,122644,46175,710,1898,2706,3152
2016,03210,20199,7630,111,289,586,580
2016,03211,35841,16936,213,636,1215,1364
2016,03213,28501,11860,172,459,741,893
2016,03214,27180,10499,141,429,548,724
2016,03215,121282,44592,859,1646,2535,2879
2016,03216,55156,22216,475,446,2501,2550
2016,03301,17350,6219,94,227,380,464
2016,03302,6686,2819,29,141,131,189
2016,03303,14270,5457,69,256,351,485
2016,03321,33667,11701,214,366,1032,986
2016,03322,27101,9907,230,259,1251,1049
2016,03366,6110,2367,28,111,105,178
2016,03381,16021,5904,116,196,596,631
2016,03402,8005,2639,54,134,214,244
2016,03441,5885,2236,23,114,165,227
2016,03461,12395,5425,76,174,377,445
2016,03482,16409,6716,80,253,409,550
2016,03483,10069,4589,54,195,252,304
2016,03484,3625,1439,16,68,87,86
2016,03485,2859,1157,9,42,56,74
2016,03501,9770,3782,36,158,179,250
2016,03503,4435,1653,25,53,113,145
2016,03506,6153,2166,37,107,103,128
2016,03507,17813,6857,90,255,381,498
2016,03524,13405,5789,50,250,325,414
2015,03000,1300963,518383,8813,16277,39374,42064
2015,03201,295170,132031,2394,2866,12190,12116
2015,03202,56795,24257,347,785,1553,1768
2015,03203,38896,14999,240,499,1432,1367
2015,03205,99773,36439,669,1321,2238,2541
2015,03206,93769,35977,794,910,2976,3000
2015,03207,37103,15594,282,444,984,1210
2015,03208,29107,10892,157,423,708,738
2015,03209,124344,46204,754,1865,2658,3106
2015,03210,20392,7620,87,296,588,540
2015,03211,36425,17068,209,622,1257,1349
2015,03213,28943,11859,171,401,684,902
2015,03214,27647,10488,130,375,598,742
2015,03215,122421,44280,783,1749,2525,2892
2015,03216,55178,22003,476,419,2585,2574
2015,03301,17565,6216,100,225,401,430
2015,03302,6854,2836,31,151,135,182
2015,03303,14602,5465,76,199,306,438
2015,03321,33799,11556,217,371,981,996
2015,03322,26927,9695,163,235,1229,1058
2015,03366,6263,2380,25,125,103,169
2015,03381,16149,5840,115,173,620,608
2015,03402,8117,2642,42,110,187,206
2015,03441,6037,2256,32,111,192,197
2015,03461,12563,5402,80,184,377,449
2015,03482,16727,6733,77,217,392,484
2015,03483,10277,4620,40,225,261,341
2015,03484,3675,1439,22,63,90,121
2015,03485,2910,1138,19,47,58,72
2015,03501,9972,3781,47,189,170,256
2015,03503,4495,1648,35,68,103,135
2015,03506,6250,2185,35,118,114,136
2015,03507,18111,6856,100,260,342,551
2015,03524,13707,5984,64,231,337,390
2014,03000,1311367,515721,9232,15967,40502,42419
2014,03201,295680,131151,2476,2720,13018,12137
2014,03202,57459,24241,367,758,1515,1832
2014,03203,39134,14803,208,536,1480,1404
2014,03205,100722,36278,680,1295,2332,2442
2014,03206,93930,35581,825,947,3052,3111
2014,03207,37488,15555,255,477,1020,1129
2014,03208,29402,10852,190,499,721,782
2014,03209,125934,46133,804,1815,2705,3230
2014,03210,20565,7543,108,280,540,521
2014,03211,36934,17102,232,594,1227,1413
2014,03213,29399,11840,194,418,764,907
2014,03214,28039,10490,148,395,595,816
2014,03215,123737,44051,876,1551,2577,2913
2014,03216,55102,21831,461,362,2714,2406
2014,03301,17722,6190,98,240,393,527
2014,03302,7020,2851,30,160,126,208
2014,03303,14862,5466,75,222,328,444
2014,03321,33962,11482,226,369,1052,1030
2014,03322,26820,9489,205,245,1105,998
2014,03366,6425,2403,22,118,97,145
2014,03381,16207,5818,120,214,559,565
2014,03402,8205,2639,61,114,176,195
2014,03441,6127,2256,24,117,189,196
2014,03461,12735,5390,72,168,311,553
2014,03482,16963,6714,97,219,360,482
2014,03483,10555,4670,63,210,246,334
2014,03484,3747,1435,27,57,72,117
2014,03485,2952,1136,17,49,78,78
2014,03501,10204,3787,38,140,169,278
2014,03503,4560,1652,29,72,127,154
2014,03506,6358,2190,39,93,109,168
2014,03507,18485,6883,95,247,367,540
2014,03524,13933,5819,70,266,378,364
2013,03000,1314180,512115,9224,15816,40306,42311
2013,03201,294435,129671,2462,2746,12971,12169
2013,03202,57575,24040,367,804,1442,1868
2013,03203,39117,14616,243,507,1295,1300
2013,03205,101026,36109,672,1249,2293,2551
2013,03206,93910,35409,781,909,3347,3082
2013,03207,37440,15409,268,432,1132,1197
2013,03208,29624,10795,195,435,752,730
2013,03209,126957,46054,791,1825,2833,3135
2013,03210,20631,7474,100,283,499,567
2013,03211,37161,16984,233,607,1235,1338
2013,03213,29588,11749,202,401,717,966
2013,03214,28308,10481,151,430,553,806
2013,03215,124235,43868,869,1576,2615,2940
2013,03305,54710,21486,495,363,2511,2213
2013,03301,17893,6201,105,235,438,528
2013,03302,7137,2885,31,161,175,197
2013,03303,15029,5450,73,217,280,444
2013,03321,34044,11368,224,373,1054,958
2013,03322,26670,9326,195,223,958,1056
2013,03366,6542,2437,21,111,103,157
2013,03381,16215,5690,124,163,556,569
2013,03402,8239,2616,46,98,164,189
2013,03441,6182,2234,22,110,166,207
2013,03461,12892,5423,75,189,314,583
2013,03482,17099,6728,91,237,384,573
2013,03483,10690,4689,63,220,278,322
2013,03484,3794,1435,29,71,76,95
2013,03485,2975,1133,15,47,82,78
2013,03501,10317,3776,49,153,166,246
2013,03503,4602,1662,29,55,141,167
2013,03506,6436,2198,32,119,121,145
2013,03507,18688,6912,106,216,354,509
2013,03524,14019,5807,65,251,301,426
