code,year,kg,kg_pupils,es,es_teachers,es_pupils,jhs,jhs_teachers,jhs_students,hs,hs_students
03201,2010,30,3707,47,918,16293,28,589,8289,17,11568
03201,2011,30,3605,47,914,16193,28,610,8394,17,11273
03201,2012,30,3728,48,917,15956,28,599,8370,17,11113
03201,2013,30,3668,48,915,15870,28,600,8345,17,10832
03201,2014,30,3694,46,907,15619,27,592,8283,17,10823
03201,2015,25,2960,46,913,15409,27,585,8307,17,10728
03201,2016,24,2570,45,927,15188,27,588,8198,17,10712
03201,2017,24,2517,44,931,15149,27,597,8039,17,10783
03201,2018,22,2363,44,937,15119,28,596,7724,17,10749
03201,2019,21,2224,44,931,14849,28,603,7745,17,10524
03201,2020,20,1931,44,927,14634,27,608,7611,17,10259
03201,2021,18,1686,44,930,14417,27,605,7767,17,9937
03201,2022,16,1405,43,924,14164,27,607,7649,17,9968
03201,2023,16,1254,43,910,13855,27,618,7639,17,9733
03202,2010,4,524,27,295,3071,12,171,1731,5,1987
03202,2011,4,529,27,297,2949,11,170,1702,5,1908
03202,2012,4,566,26,290,2802,11,173,1613,5,1879
03202,2013,4,562,26,296,2664,11,180,1554,5,1850
03202,2014,4,542,24,273,2587,11,177,1489,5,1828
03202,2015,4,543,21,260,2493,11,174,1475,5,1744
03202,2016,3,481,18,239,2399,11,169,1391,5,1685
03202,2017,3,454,17,239,2311,11,165,1291,5,1606
03202,2018,3,439,17,229,2263,11,162,1200,5,1555
03202,2019,3,434,16,229,2191,11,158,1148,5,1443
03202,2020,3,408,15,214,2062,11,157,1164,4,1330
03202,2021,3,388,14,211,1994,11,158,1151,4,1215
03202,2022,3,345,13,193,1964,11,144,1099,4,1141
03202,2023,3,299,13,191,1913,11,149,1004,4,1152
03203,2010,4,110,14,176,2044,8,120,1230,2,1254
03203,2011,4,84,14,191,1921,8,132,1181,2,1258
03203,2012,4,99,12,184,1788,8,136,1120,2,1222
03203,2013,4,87,12,183,1739,8,135,1075,2,1168
03203,2014,4,84,12,179,1649,8,135,1029,2,1073
03203,2015,2,71,12,182,1621,8,134,950,2,1029
03203,2016,2,82,12,176,1563,8,138,924,2,982
03203,2017,1,65,11,160,1515,8,134,871,2,970
03203,2018,1,63,11,164,1487,8,126,826,2,916
03203,2019,1,56,11,158,1460,8,126,803,2,879
03203,2020,1,47,11,160,1425,5,92,763,2,817
03203,2021,1,37,11,161,1407,4,83,743,2,744
03203,2022,1,31,11,158,1375,4,78,719,2,719
03203,2023,1,22,11,157,1344,4,78,722,2,681
03205,2010,9,850,25,386,5509,11,222,2813,6,2964
03205,2011,9,806,20,365,5449,11,226,2873,6,2938
03205,2012,9,800,19,355,5330,11,221,2801,6,2889
03205,2013,9,763,19,345,5173,11,228,2867,6,2825
03205,2014,9,763,19,338,5008,11,228,2790,6,2878
03205,2015,9,751,19,342,4959,11,222,2747,6,2856
03205,2016,9,702,19,335,4803,11,226,2684,6,2904
03205,2017,8,626,19,332,4670,11,221,2638,6,2898
03205,2018,8,642,19,335,4543,11,230,2580,6,2816
03205,2019,7,534,19,336,4442,11,225,2491,6,2808
03205,2020,7,528,19,329,4433,11,211,2374,6,2788
03205,2021,7,459,17,315,4279,11,216,2399,6,2849
03205,2022,7,395,17,314,4208,11,212,2300,6,2758
03205,2023,7,312,16,303,4113,11,210,2283,6,2721
03206,2010,12,1434,18,348,5742,9,210,2810,4,2991
03206,2011,12,1411,18,347,5719,9,208,2805,4,2982
03206,2012,12,1466,17,351,5618,9,214,2848,4,2919
03206,2013,12,1433,17,348,5517,9,213,2835,4,2835
03206,2014,12,1384,17,351,5327,9,212,2888,4,2837
03206,2015,10,1166,17,356,5351,9,207,2802,4,2842
03206,2016,10,1114,17,350,5203,9,206,2802,4,2883
03206,2017,10,1078,17,342,5155,9,200,2663,4,2852
03206,2018,10,1036,17,343,5071,9,205,2642,4,2777
03206,2019,10,979,17,346,4973,9,202,2511,4,2706
03206,2020,10,914,17,352,4887,9,198,2528,4,2565
03206,2021,8,658,17,347,4782,9,196,2543,4,2535
03206,2022,8,615,17,339,4683,9,207,2537,4,2459
03206,2023,8,548,14,328,4615,9,202,2469,4,2418
03207,2010,1,109,21,214,2183,9,131,1209,3,1257
03207,2011,1,92,19,208,2154,9,131,1181,3,1253
03207,2012,1,100,17,198,2043,9,136,1156,3,1217
03207,2013,1,111,16,190,1976,9,139,1114,3,1216
03207,2014,1,100,15,183,1913,8,135,1106,3,1185
03207,2015,1,91,15,182,1837,8,132,1059,3,1179
03207,2016,0,0,15,188,1831,8,130,1010,3,1146
03207,2017,0,0,15,178,1782,8,126,966,3,1154
03207,2018,0,0,14,177,1760,8,125,924,3,1093
03207,2019,0,0,14,183,1702,8,123,910,3,1025
03207,2020,0,0,14,179,1624,8,124,883,3,1002
03207,2021,0,0,13,175,1586,8,120,855,3,960
03207,2022,0,0,13,169,1519,8,124,851,3,929
03207,2023,0,0,13,166,1431,8,125,840,3,873
03208,2010,5,128,11,133,1425,8,98,795,2,710
03208,2011,5,134,11,129,1397,8,99,767,2,708
03208,2012,5,132,11,132,1335,8,97,750,2,686
03208,2013,5,102,11,135,1346,3,65,721,2,658
03208,2014,5,103,11,134,1309,3,63,706,2,611
03208,2015,4,64,11,138,1288,3,58,672,2,600
03208,2016,1,51,11,139,1251,3,56,678,2,578
03208,2017,1,44,11,131,1231,3,59,665,2,560
03208,2018,1,40,11,132,1192,3,60,638,2,554
03208,2019,1,38,11,132,1130,3,57,643,2,542
03208,2020,1,24,11,134,1125,3,57,611,2,510
03208,2021,1,26,11,130,1073,3,55,619,2,462
03208,2022,1,30,11,129,1030,3,56,577,2,442
03208,2023,1,32,11,126,973,3,57,576,2,417
03209,2010,17,1245,37,502,6284,19,299,3424,8,3952
03209,2011,17,1218,37,494,6105,19,312,3460,8,3859
03209,2012,19,1275,40,522,6400,20,332,3587,8,3798
03209,2013,19,1231,36,511,6208,20,329,3555,8,3721
03209,2014,19,1173,34,495,6074,19,313,3425,8,3698
03209,2015,12,548,33,484,5960,18,311,3368,8,3656
03209,2016,12,507,33,484,5716,18,307,3288,8,3669
03209,2017,12,444,33,489,5605,18,306,3226,8,3530
03209,2018,12,405,28,454,5447,17,290,3137,8,3485
03209,2019,10,325,28,444,5254,17,291,3017,8,3404
03209,2020,10,301,28,437,5085,17,289,2953,8,3309
03209,2021,10,259,28,429,4891,17,274,2897,8,3175
03209,2022,10,214,27,417,4740,17,276,2813,8,3082
03209,2023,6,190,21,365,4530,15,258,2749,8,2994
03210,2010,1,50,11,121,1202,7,88,675,1,543
03210,2011,1,0,9,127,1041,6,92,597,1,515
03210,2012,1,0,9,123,1002,6,91,591,1,533
03210,2013,1,0,8,119,933,4,73,559,1,508
03210,2014,1,0,8,118,875,4,73,563,1,498
03210,2015,1,0,8,115,833,4,70,544,1,487
03210,2016,1,0,8,111,796,3,64,526,1,501
03210,2017,1,0,8,105,750,3,66,489,1,485
03210,2018,1,0,8,102,709,2,53,456,1,438
03210,2019,1,0,8,103,697,2,47,416,1,390
03210,2020,1,0,8,98,683,2,45,383,1,365
03210,2021,1,0,8,98,654,2,41,371,1,365
03210,2022,1,0,8,93,627,2,39,374,1,358
03210,2023,1,0,8,87,629,2,38,358,1,344
03211,2010,7,393,9,143,1927,5,88,996,2,1152
03211,2011,7,331,9,148,1788,5,94,984,2,1085
03211,2012,5,350,9,148,1699,5,97,947,2,1036
03211,2013,5,358,9,144,1570,5,100,964,2,955
03211,2014,4,327,9,147,1518,5,99,904,2,943
03211,2015,3,163,9,140,1461,5,95,857,2,927
03211,2016,3,129,9,142,1448,5,96,805,2,941
03211,2017,3,137,9,135,1372,5,90,755,2,896
03211,2018,2,100,9,134,1320,5,85,743,2,873
03211,2019,2,87,9,134,1321,5,81,691,2,808
03211,2020,2,75,9,129,1252,5,82,696,2,749
03211,2021,2,61,9,130,1263,5,78,649,2,727
03211,2022,2,57,9,133,1170,5,82,674,2,636
03211,2023,2,43,9,132,1173,5,82,603,2,617
03213,2010,3,221,8,116,1569,5,81,864,3,872
03213,2011,3,223,8,119,1510,5,87,878,3,821
03213,2012,3,211,8,117,1476,5,87,798,3,836
03213,2013,3,183,8,116,1420,4,76,792,3,798
03213,2014,3,188,8,120,1366,4,75,754,3,796
03213,2015,1,6,8,116,1286,4,77,769,3,727
03213,2016,1,7,8,113,1235,4,71,734,2,755
03213,2017,1,8,8,110,1170,4,67,698,2,748
03213,2018,1,13,8,106,1171,4,66,638,2,721
03213,2019,1,21,8,112,1125,3,57,632,2,650
03213,2020,1,26,8,110,1093,3,57,614,2,573
03213,2021,1,36,8,114,1067,3,55,589,2,529
03213,2022,1,47,8,109,1025,3,56,558,2,505
03213,2023,1,56,8,109,1001,3,57,531,2,513
03214,2010,1,62,11,122,1332,5,77,808,1,312
03214,2011,1,70,11,123,1284,5,77,747,1,302
03214,2012,1,71,11,122,1191,5,75,763,1,290
03214,2013,1,86,10,116,1163,4,65,692,1,286
03214,2014,1,77,10,119,1121,4,62,680,1,249
03214,2015,1,64,10,121,1071,4,61,624,1,273
03214,2016,1,59,10,118,1028,4,61,623,1,264
03214,2017,1,48,10,113,1020,4,58,579,1,249
03214,2018,1,38,10,114,986,4,56,559,1,217
03214,2019,1,32,10,107,951,4,58,533,1,183
03214,2020,1,32,10,106,909,4,58,529,1,165
03214,2021,1,29,10,107,894,4,53,491,1,142
03214,2022,1,25,10,109,905,4,56,462,1,151
03214,2023,1,28,10,110,886,4,58,451,1,132
03215,2010,25,1484,33,497,6891,12,257,3505,8,3346
03215,2011,25,1385,33,494,6755,12,259,3429,8,3297
03215,2012,25,1381,33,496,6440,12,271,3477,8,3100
03215,2013,25,1298,33,479,6269,12,279,3523,8,2913
03215,2014,25,1249,27,438,6112,12,276,3440,8,2869
03215,2015,21,941,27,434,5933,12,266,3335,8,2898
03215,2016,20,868,27,422,5814,12,261,3198,8,2918
03215,2017,18,792,27,427,5694,10,243,3125,8,2812
03215,2018,17,724,27,430,5677,10,241,2950,8,2728
03215,2019,16,624,27,427,5515,9,234,2910,8,2609
03215,2020,11,445,27,427,5453,9,232,2851,8,2541
03215,2021,9,371,27,425,5267,9,231,2883,8,2405
03215,2022,9,328,26,411,5180,7,208,2773,8,2369
03215,2023,8,184,20,378,4991,7,209,2754,8,2289
03216,2014,4,920,8,176,3286,6,122,1690,2,1339
03216,2015,3,664,8,179,3213,6,127,1734,2,1324
03216,2016,3,618,8,181,3206,6,124,1728,2,1320
03216,2017,3,575,8,182,3234,6,121,1694,2,1324
03216,2018,3,509,8,189,3257,6,116,1592,2,1340
03216,2019,3,499,9,198,3235,6,121,1584,2,1316
03216,2020,2,308,9,198,3227,6,120,1598,2,1215
03216,2021,1,69,9,198,3243,6,122,1625,2,1109
03216,2022,1,60,9,200,3190,6,121,1630,2,1047
03216,2023,1,50,9,197,3120,6,123,1635,2,1043
03301,2010,1,73,10,96,904,1,32,470,1,176
03301,2011,1,70,10,99,906,1,29,442,1,164
03301,2012,1,72,10,93,852,1,29,468,1,148
03301,2013,1,64,10,94,809,1,31,464,1,149
03301,2014,1,55,10,90,781,1,32,474,1,137
03301,2015,1,45,10,99,757,1,32,444,1,152
03301,2016,1,38,10,93,757,1,34,426,1,135
03301,2017,1,35,8,88,750,1,32,408,1,106
03301,2018,1,34,5,69,734,1,31,382,1,93
03301,2019,1,28,5,70,714,1,30,380,1,85
03301,2020,1,12,5,70,686,1,27,372,1,78
03301,2021,0,0,5,70,682,1,30,368,1,72
03301,2022,0,0,5,66,655,1,26,374,1,70
03301,2023,0,0,5,70,651,1,27,375,1,71
03302,2010,1,4,5,39,269,3,34,164,1,163
03302,2011,1,0,5,39,252,3,33,150,1,165
03302,2012,0,0,5,37,242,3,32,156,1,147
03302,2013,0,0,5,37,219,3,34,147,1,142
03302,2014,0,0,5,38,216,3,33,138,1,122
03302,2015,0,0,5,40,199,3,32,132,1,133
03302,2016,0,0,5,38,189,3,32,118,1,126
03302,2017,0,0,5,39,196,3,31,109,1,137
03302,2018,0,0,5,41,187,3,32,104,1,133
03302,2019,0,0,4,35,182,3,31,99,1,131
03302,2020,0,0,4,38,188,3,32,104,1,131
03302,2021,0,0,4,38,180,3,32,93,1,142
03302,2022,0,0,4,35,176,3,31,87,1,147
03302,2023,0,0,4,36,150,3,32,92,1,138
03303,2010,1,72,8,87,734,4,51,432,1,221
03303,2011,1,57,8,81,707,4,49,425,1,211
03303,2012,1,47,8,80,693,4,52,389,1,200
03303,2013,1,35,8,80,681,4,55,371,1,188
03303,2014,1,36,8,72,654,4,54,355,1,181
03303,2015,1,31,7,72,598,4,55,369,1,152
03303,2016,1,30,5,57,570,3,46,356,1,120
03303,2017,1,32,5,59,536,3,48,353,1,108
03303,2018,1,33,4,56,499,3,49,328,1,105
03303,2019,1,37,3,47,479,3,48,315,1,120
03303,2020,1,28,3,47,470,3,47,293,1,120
03303,2021,1,26,3,46,454,3,45,264,1,114
03303,2022,1,24,3,44,445,3,44,239,1,97
03303,2023,0,0,3,43,425,3,46,233,1,89
03305,2010,4,845,8,176,3266,6,117,1644,2,1378
03305,2011,4,894,8,176,3278,6,122,1649,2,1333
03305,2012,4,887,8,178,3282,6,117,1619,2,1337
03305,2013,4,914,8,181,3289,6,123,1635,2,1341
03321,2010,3,414,11,148,2044,3,74,1034,1,558
03321,2011,3,409,11,152,1993,3,75,1046,1,556
03321,2012,3,422,11,150,1934,3,74,1023,1,568
03321,2013,3,412,11,147,1898,3,76,1050,1,552
03321,2014,3,400,11,145,1797,3,75,1079,1,564
03321,2015,1,123,11,143,1759,3,75,1044,1,532
03321,2016,1,119,11,138,1711,3,74,1011,1,515
03321,2017,1,108,11,139,1691,3,70,932,1,486
03321,2018,1,128,11,143,1696,3,71,908,1,465
03321,2019,1,129,11,142,1681,3,64,870,1,445
03321,2020,1,137,11,150,1701,3,63,850,1,364
03321,2021,1,125,9,140,1714,3,67,834,1,282
03321,2022,1,129,5,117,1707,3,66,824,1,224
03321,2023,1,120,5,109,1673,3,66,835,1,227
03322,2010,1,144,4,94,1737,2,58,905,1,882
03322,2011,1,141,4,99,1679,2,57,891,1,839
03322,2012,1,137,4,95,1606,2,60,910,1,845
03322,2013,1,126,4,93,1550,2,61,903,1,839
03322,2014,1,118,4,87,1502,2,61,911,1,843
03322,2015,0,0,4,89,1490,2,59,851,1,828
03322,2016,0,0,4,90,1472,2,57,816,1,832
03322,2017,0,0,4,92,1460,2,55,764,1,829
03322,2018,0,0,4,89,1455,2,52,754,1,836
03322,2019,0,0,4,90,1447,2,50,741,1,833
03322,2020,0,0,4,88,1433,2,50,737,1,824
03322,2021,0,0,4,85,1413,2,48,732,1,828
03322,2022,0,0,4,85,1415,2,49,720,1,824
03322,2023,0,0,4,87,1403,2,50,703,1,782
03366,2010,0,0,7,55,255,2,20,136,1,208
03366,2011,0,0,2,27,244,2,19,144,1,202
03366,2012,0,0,2,24,233,2,22,135,1,172
03366,2013,0,0,2,24,225,2,23,140,1,130
03366,2014,0,0,2,25,209,2,23,125,1,127
03366,2015,0,0,2,25,195,2,21,123,1,106
03366,2016,0,0,2,25,200,2,20,101,1,116
03366,2017,0,0,2,25,192,2,18,103,1,95
03366,2018,0,0,2,25,178,2,20,101,1,103
03366,2019,0,0,2,25,162,2,20,111,1,98
03366,2020,0,0,2,25,155,2,20,96,1,103
03366,2021,0,0,2,24,155,2,21,86,1,96
03366,2022,0,0,2,24,146,2,21,86,1,95
03366,2023,0,0,2,24,134,2,21,91,1,97
03381,2010,4,246,5,74,929,1,31,408,1,356
03381,2011,4,218,5,74,928,1,31,431,1,365
03381,2012,4,215,5,75,910,1,29,428,1,358
03381,2013,4,215,5,77,897,1,29,451,1,356
03381,2014,4,201,5,78,887,1,31,452,1,349
03381,2015,4,189,5,76,871,1,31,466,1,353
03381,2016,4,172,5,68,834,1,34,456,1,330
03381,2017,4,165,5,69,805,1,37,452,1,300
03381,2018,4,140,5,71,800,1,36,436,1,254
03381,2019,4,143,5,71,792,1,30,426,1,217
03381,2020,4,147,5,71,754,1,32,416,1,154
03381,2021,4,146,5,74,752,1,31,412,1,118
03381,2022,3,124,5,79,748,1,31,398,1,115
03381,2023,3,111,5,73,745,1,29,374,1,123
03402,2010,1,66,2,33,414,1,18,205,0,0
03402,2011,1,61,2,33,410,1,19,207,0,0
03402,2012,1,59,2,34,408,1,19,210,0,0
03402,2013,1,55,2,34,392,1,17,210,0,0
03402,2014,1,52,2,34,387,1,18,202,0,0
03402,2015,1,38,2,33,380,1,18,184,0,0
03402,2016,1,38,2,35,388,1,18,175,0,0
03402,2017,1,44,2,32,373,1,19,183,0,0
03402,2018,1,43,2,31,357,1,18,193,0,0
03402,2019,1,38,2,31,348,1,18,200,0,0
03402,2020,1,32,2,33,350,1,16,188,0,0
03402,2021,1,30,2,34,347,1,16,182,0,0
03402,2022,1,25,2,32,337,1,16,181,0,0
03402,2023,1,17,2,34,331,1,16,172,0,0
03422,2010,2,54,3,41,426,1,22,254,0,0
03422,2011,2,58,3,38,407,1,19,237,0,0
03441,2010,0,0,2,23,251,2,21,123,1,184
03441,2011,0,0,2,23,245,2,21,132,1,145
03441,2012,0,0,2,24,265,2,22,131,1,124
03441,2013,0,0,2,23,226,2,23,139,1,90
03441,2014,0,0,2,24,223,2,23,118,1,100
03441,2015,0,0,2,24,216,2,24,123,1,108
03441,2016,0,0,2,23,214,2,22,111,1,108
03441,2017,0,0,2,25,199,2,21,110,1,103
03441,2018,0,0,2,25,182,2,22,119,1,87
03441,2019,0,0,2,25,172,2,22,101,1,90
03441,2020,0,0,2,24,168,2,23,97,1,86
03441,2021,0,0,2,23,151,2,23,87,1,95
03441,2022,0,0,2,23,142,2,23,97,1,75
03441,2023,0,0,2,26,136,2,22,95,1,66
03461,2010,2,123,5,65,770,2,36,449,1,349
03461,2011,2,77,5,66,563,2,40,384,1,304
03461,2012,2,91,5,62,552,2,43,352,1,301
03461,2013,2,94,2,43,532,2,42,352,1,266
03461,2014,2,96,2,44,508,2,42,326,1,268
03461,2015,2,88,2,43,486,2,41,316,1,238
03461,2016,2,87,1,14,85,1,12,57,1,231
03461,2017,2,85,1,14,80,1,12,49,1,209
03461,2018,1,35,1,11,69,1,11,40,1,190
03461,2019,1,24,1,11,62,1,10,37,1,159
03461,2020,1,26,1,10,60,1,10,36,1,148
03461,2021,1,21,1,11,64,1,10,33,1,153
03461,2022,1,21,1,11,65,1,10,32,1,167
03461,2023,1,12,1,11,62,1,10,30,1,177
03482,2010,3,90,9,94,1028,2,44,627,1,223
03482,2011,2,63,9,102,894,2,48,586,1,221
03482,2012,2,61,9,105,818,2,51,548,1,217
03482,2013,2,60,9,107,773,2,51,503,1,201
03482,2014,2,58,9,104,720,2,49,466,1,169
03482,2015,2,49,9,104,686,2,50,459,1,150
03482,2016,2,50,9,105,648,2,47,429,1,131
03482,2017,2,45,9,99,625,2,43,386,1,106
03482,2018,2,39,9,96,605,2,40,345,1,111
03482,2019,2,36,9,96,605,2,40,316,1,108
03482,2020,2,39,3,55,586,1,32,316,1,110
03482,2021,2,33,3,51,559,1,32,317,1,91
03482,2022,1,27,3,48,550,1,29,319,1,77
03482,2023,1,16,3,52,559,1,28,298,1,70
03483,2010,1,31,13,101,493,7,56,261,1,234
03483,2011,0,0,13,97,482,7,52,242,1,216
03483,2012,0,0,13,95,475,7,56,235,1,202
03483,2013,0,0,13,96,440,5,42,222,1,182
03483,2014,0,0,13,94,428,5,47,232,1,166
03483,2015,0,0,13,93,382,5,45,248,1,162
03483,2016,0,0,12,87,347,5,47,246,1,145
03483,2017,0,0,10,79,347,5,48,216,1,149
03483,2018,0,0,10,76,326,5,50,196,1,154
03483,2019,0,0,8,66,338,5,48,168,1,156
03483,2020,0,0,7,63,311,4,44,181,1,146
03483,2021,0,0,7,57,305,4,45,156,1,134
03483,2022,0,0,6,50,300,3,39,158,1,125
03483,2023,0,0,5,48,298,3,38,147,1,125
03484,2010,0,0,1,13,189,1,13,121,1,16
03484,2011,0,0,1,13,175,1,13,122,1,14
03484,2012,0,0,1,14,169,1,14,120,0,0
03484,2013,0,0,1,17,161,1,12,106,0,0
03484,2014,0,0,1,16,151,1,13,100,0,0
03484,2015,0,0,1,15,160,1,13,95,0,0
03484,2016,0,0,1,16,155,1,12,87,0,0
03484,2017,0,0,1,16,151,1,11,73,0,0
03484,2018,0,0,1,15,158,1,11,73,0,0
03484,2019,0,0,1,14,157,1,12,75,0,0
03484,2020,0,0,1,16,151,1,10,77,0,0
03484,2021,0,0,1,15,131,1,10,87,0,0
03484,2022,0,0,1,14,131,1,11,79,0,0
03484,2023,0,0,1,15,126,1,11,74,0,0
03485,2010,0,0,1,15,141,1,15,83,0,0
03485,2011,0,0,1,15,137,1,14,81,0,0
03485,2012,0,0,1,15,126,1,13,80,0,0
03485,2013,0,0,1,15,111,1,12,79,0,0
03485,2014,0,0,1,15,118,1,11,71,0,0
03485,2015,0,0,1,15,109,1,11,64,0,0
03485,2016,0,0,1,13,111,1,13,58,0,0
03485,2017,0,0,1,14,106,1,13,61,0,0
03485,2018,0,0,1,15,105,1,13,56,0,0
03485,2019,0,0,1,15,103,1,12,50,0,0
03485,2020,0,0,1,14,95,1,12,52,0,0
03485,2021,0,0,1,14,95,1,12,53,0,0
03485,2022,0,0,1,14,79,1,14,57,0,0
03485,2023,0,0,1,13,78,1,14,46,0,0
03501,2010,1,48,5,52,472,4,45,292,1,279
03501,2011,1,50,4,50,447,4,44,276,1,260
03501,2012,1,44,4,47,426,4,43,269,1,216
03501,2013,1,37,4,47,431,4,43,249,1,196
03501,2014,1,26,3,41,427,1,22,232,1,185
03501,2015,1,27,3,41,408,1,20,209,1,180
03501,2016,1,26,3,41,393,1,20,215,1,169
03501,2017,1,23,3,42,383,1,19,206,1,148
03501,2018,1,21,3,41,366,1,18,205,1,135
03501,2019,1,16,3,39,350,1,17,201,1,135
03501,2020,1,10,3,39,332,1,16,203,1,136
03501,2021,0,0,3,39,327,1,17,183,1,140
03501,2022,0,0,3,37,304,1,17,178,1,129
03501,2023,0,0,3,37,285,1,17,175,1,120
03503,2010,0,0,1,14,206,1,20,147,1,235
03503,2011,0,0,1,16,199,1,22,133,1,212
03503,2012,0,0,1,15,181,1,20,131,1,193
03503,2013,0,0,1,17,193,1,18,110,1,157
03503,2014,0,0,1,16,193,1,20,104,1,144
03503,2015,0,0,1,16,185,1,18,97,1,135
03503,2016,0,0,1,15,187,1,19,98,1,123
03503,2017,0,0,1,15,187,1,20,96,1,121
03503,2018,0,0,1,15,172,1,20,89,1,125
03503,2019,0,0,1,14,173,1,18,96,1,113
03503,2020,0,0,1,14,181,1,16,97,1,88
03503,2021,0,0,1,14,178,1,17,94,1,73
03503,2022,0,0,1,18,191,1,17,89,1,64
03503,2023,0,0,1,17,184,1,17,90,1,70
03506,2010,1,28,5,41,306,1,16,164,1,137
03506,2011,1,17,5,42,303,1,16,164,1,135
03506,2012,1,10,5,45,302,1,16,156,1,143
03506,2013,1,7,5,44,294,1,15,147,1,128
03506,2014,1,5,5,45,279,1,17,150,1,130
03506,2015,1,5,5,45,272,1,18,146,1,112
03506,2016,1,3,5,47,269,1,17,151,1,112
03506,2017,1,5,5,47,256,1,16,149,1,93
03506,2018,1,4,5,47,244,1,18,151,1,87
03506,2019,1,4,5,45,236,1,18,146,1,80
03506,2020,1,2,5,45,228,1,16,130,1,76
03506,2021,1,2,5,43,223,1,16,128,1,60
03506,2022,1,0,5,41,220,1,16,122,1,66
03506,2023,1,0,5,44,211,1,16,118,1,61
03507,2010,1,26,10,104,1037,5,73,607,2,490
03507,2011,1,22,9,95,974,4,64,624,2,489
03507,2012,1,26,9,94,888,4,65,588,2,501
03507,2013,1,26,9,87,821,4,60,560,2,438
03507,2014,1,29,8,87,759,4,61,534,2,423
03507,2015,1,28,8,85,728,4,63,485,2,406
03507,2016,1,33,8,86,685,4,59,459,2,399
03507,2017,1,30,8,84,658,4,55,424,2,354
03507,2018,1,30,8,90,652,4,57,390,2,300
03507,2019,1,26,8,89,643,4,54,353,2,248
03507,2020,1,21,8,95,616,3,42,340,2,207
03507,2021,0,0,8,93,614,3,44,339,2,183
03507,2022,0,0,8,93,581,3,45,338,2,168
03507,2023,0,0,7,90,570,3,44,318,2,165
03524,2010,1,35,7,63,606,5,49,335,1,353
03524,2011,1,41,7,65,567,4,42,345,1,344
03524,2012,1,37,7,66,562,4,40,310,1,343
03524,2013,1,35,7,61,538,4,41,330,1,332
03524,2014,1,29,7,60,509,4,41,321,1,344
03524,2015,1,32,7,62,505,4,42,306,1,296
03524,2016,1,26,7,63,488,3,31,280,1,260
03524,2017,1,27,6,59,488,3,30,250,1,235
03524,2018,1,23,6,56,466,3,30,253,1,249
03524,2019,1,17,6,56,460,3,31,254,1,275
03524,2020,1,5,6,62,465,3,30,245,1,270
03524,2021,0,0,6,58,436,3,30,239,1,245
03524,2022,0,0,6,57,401,3,27,231,1,230
03524,2023,0,0,6,53,377,3,31,229,1,193
