code,year,tokuyo,tokuyo_cap,yuryo,yuryo_cap,kokuho
03201,2010,12,814,30,677,66721
03201,2011,10,684,23,624,66775
03201,2012,13,871,38,931,65589
03201,2013,14,922,40,1109,64235
03201,2014,17,1004,50,1171,62585
03201,2015,16,1049,54,1295,60478
03201,2016,19,1209,61,1511,57635
03201,2017,18,1174,68,1616,55455
03201,2018,22,1394,83,2034,53901
03201,2019,22,1454,87,2166,52743
03201,2020,22,1454,90,2242,52096
03201,2021,22,1454,93,2358,50998
03201,2022,22,1474,100,2561,49314
03201,2023,22,1474,100,2576,47616
03202,2010,5,310,1,21,19593
03202,2011,5,310,1,21,19217
03202,2012,5,310,1,21,17941
03202,2013,5,310,1,21,17022
03202,2014,5,340,1,21,16155
03202,2015,5,370,1,21,15260
03202,2016,5,370,1,21,14357
03202,2017,5,370,1,21,13713
03202,2018,5,370,1,21,12869
03202,2019,5,370,1,21,12399
03202,2020,5,370,1,21,12038
03202,2021,5,370,2,41,11745
03202,2022,5,370,2,41,10984
03202,2023,5,370,3,51,10626
03203,2010,3,207,0,0,13388
03203,2011,2,149,0,0,13458
03203,2012,1,38,0,0,12244
03203,2013,2,149,0,0,11503
03203,2014,2,149,0,0,10985
03203,2015,4,179,0,0,10328
03203,2016,4,179,0,0,9736
03203,2017,4,191,0,0,9265
03203,2018,4,191,0,0,8798
03203,2019,5,226,0,0,8484
03203,2020,5,226,0,0,8283
03203,2021,5,226,0,0,8070
03203,2022,5,226,0,0,7534
03203,2023,5,226,0,0,7265
03205,2010,7,539,3,50,26057
03205,2011,6,459,3,50,25534
03205,2012,7,589,4,57,24932
03205,2013,7,589,3,39,23945
03205,2014,9,589,5,134,22870
03205,2015,9,613,3,68,22091
03205,2016,9,613,3,68,20967
03205,2017,9,613,6,127,20074
03205,2018,9,616,6,128,19235
03205,2019,9,616,6,131,18798
03205,2020,9,616,7,161,18705
03205,2021,9,616,12,328,18033
03205,2022,9,616,13,360,17215
03205,2023,9,616,13,360,16639
03206,2010,5,255,2,20,21284
03206,2011,5,255,2,20,21451
03206,2012,5,280,3,30,21126
03206,2013,5,280,4,35,20568
03206,2014,5,280,8,106,20001
03206,2015,5,280,4,43,19173
03206,2016,5,280,4,43,18348
03206,2017,5,280,5,67,17594
03206,2018,5,280,7,91,17035
03206,2019,5,380,7,127,16432
03206,2020,5,380,7,127,16358
03206,2021,5,386,16,300,15898
03206,2022,5,386,16,300,15178
03206,2023,5,386,18,321,14744
03207,2010,3,152,0,0,13116
03207,2011,3,152,0,0,12645
03207,2012,3,152,0,0,11777
03207,2013,3,152,0,0,11220
03207,2014,3,152,2,45,10601
03207,2015,3,152,0,0,10027
03207,2016,3,152,0,0,9573
03207,2017,3,152,1,30,9082
03207,2018,3,152,1,30,8508
03207,2019,3,150,1,30,8078
03207,2020,3,150,1,30,7788
03207,2021,3,150,4,95,7651
03207,2022,3,150,4,95,7347
03207,2023,3,150,4,95,7080
03208,2010,2,150,0,0,9165
03208,2011,2,150,0,0,8739
03208,2012,2,180,0,0,8378
03208,2013,2,180,0,0,8036
03208,2014,3,180,2,27,7720
03208,2015,4,180,0,0,7301
03208,2016,4,180,0,0,6947
03208,2017,4,180,0,0,6488
03208,2018,4,180,2,15,6182
03208,2019,4,180,2,15,6058
03208,2020,4,180,2,15,5987
03208,2021,4,180,4,42,5793
03208,2022,4,180,1,14,5460
03208,2023,4,180,1,14,5144
03209,2010,11,624,5,154,33870
03209,2011,13,771,7,176,35950
03209,2012,12,730,6,173,34751
03209,2013,13,810,7,176,33420
03209,2014,14,810,15,379,32006
03209,2015,14,810,8,198,30473
03209,2016,14,810,9,197,28881
03209,2017,13,760,9,206,27514
03209,2018,14,810,10,228,26634
03209,2019,14,810,11,286,25619
03209,2020,15,860,11,286,25193
03209,2021,15,860,26,620,24688
03209,2022,15,860,25,592,23452
03209,2023,16,880,25,592,22526
03210,2010,1,90,0,0,7678
03210,2011,1,90,0,0,7223
03210,2012,1,90,0,0,6718
03210,2013,1,90,0,0,6284
03210,2014,2,90,0,0,5944
03210,2015,2,90,0,0,5604
03210,2016,2,90,0,0,5188
03210,2017,2,90,0,0,4948
03210,2018,2,90,0,0,4701
03210,2019,2,90,1,20,4564
03210,2020,2,90,1,20,4489
03210,2021,2,90,1,20,4473
03210,2022,2,90,1,20,4269
03210,2023,2,90,1,20,4038
03211,2010,3,221,1,17,11270
03211,2011,3,221,1,17,11168
03211,2012,2,160,3,76,10171
03211,2013,2,160,3,76,9660
03211,2014,3,201,3,76,9285
03211,2015,2,140,3,76,8881
03211,2016,2,140,2,62,8371
03211,2017,3,206,3,76,7936
03211,2018,3,206,3,55,7534
03211,2019,3,206,3,55,7354
03211,2020,3,206,3,55,7150
03211,2021,3,206,3,55,6875
03211,2022,3,206,3,52,6494
03211,2023,3,206,4,64,6033
03213,2010,2,114,4,51,10615
03213,2011,3,164,4,57,10186
03213,2012,3,164,7,98,9609
03213,2013,3,164,7,99,9061
03213,2014,3,164,8,119,8594
03213,2015,3,164,7,112,8081
03213,2016,3,164,8,121,7634
03213,2017,2,114,8,121,7225
03213,2018,3,164,8,121,6753
03213,2019,3,164,8,121,6438
03213,2020,3,164,9,139,6248
03213,2021,3,164,9,139,6050
03213,2022,3,164,9,139,5758
03213,2023,3,164,9,139,5526
03214,2010,2,118,0,0,9254
03214,2011,3,193,0,0,8870
03214,2012,4,273,1,9,8589
03214,2013,3,198,3,21,8120
03214,2014,3,193,3,19,7635
03214,2015,3,193,2,14,7146
03214,2016,3,193,4,32,6832
03214,2017,3,193,3,26,6619
03214,2018,4,273,4,32,6356
03214,2019,4,273,4,33,6288
03214,2020,4,273,4,33,6103
03214,2021,4,273,7,107,5933
03214,2022,4,273,8,148,5795
03214,2023,4,273,8,148,5615
03215,2010,10,676,2,33,36219
03215,2011,10,676,2,33,34783
03215,2012,10,676,10,91,33292
03215,2013,9,592,12,131,31728
03215,2014,10,616,21,319,30384
03215,2015,11,666,12,139,28529
03215,2016,11,666,13,165,26882
03215,2017,11,666,17,229,25645
03215,2018,11,666,20,315,24661
03215,2019,11,666,21,307,24072
03215,2020,11,666,20,291,23683
03215,2021,11,666,34,597,22778
03215,2022,12,700,34,622,21713
03215,2023,13,706,34,622,20697
03216,2013,,,,,12172
03216,2014,1,50,15,190,11703
03216,2015,1,50,11,179,11376
03216,2016,1,50,9,167,11023
03216,2017,1,50,10,192,10683
03216,2018,2,123,15,270,10394
03216,2019,3,183,13,248,10164
03216,2020,3,183,13,248,10179
03216,2021,3,195,22,443,9905
03216,2022,3,195,23,469,9479
03216,2023,3,195,25,505,9167
03301,2010,1,80,1,9,5442
03301,2011,1,80,1,7,5326
03301,2012,1,80,1,9,5130
03301,2013,1,80,2,16,4938
03301,2014,1,80,4,40,4710
03301,2015,1,80,1,7,4479
03301,2016,1,80,1,7,4244
03301,2017,1,80,3,35,4035
03301,2018,1,80,3,35,3841
03301,2019,2,130,3,38,3744
03301,2020,2,130,3,33,3704
03301,2021,2,130,4,49,3618
03301,2022,2,130,4,49,3446
03301,2023,2,130,4,49,3285
03302,2010,1,55,0,0,2952
03302,2011,1,55,0,0,2844
03302,2012,1,55,0,0,2740
03302,2013,1,55,0,0,2582
03302,2014,1,55,0,0,2420
03302,2015,1,55,0,0,2289
03302,2016,1,55,0,0,2148
03302,2017,1,55,0,0,2044
03302,2018,1,55,0,0,1943
03302,2019,1,55,0,0,1821
03302,2020,1,55,0,0,1789
03302,2021,1,55,0,0,1743
03302,2022,1,55,0,0,1685
03302,2023,1,55,0,0,1593
03303,2010,1,50,1,9,5513
03303,2011,1,50,1,9,5329
03303,2012,2,80,2,17,5101
03303,2013,2,80,2,17,4756
03303,2014,2,80,2,17,4461
03303,2015,2,80,2,17,4230
03303,2016,2,80,2,17,4018
03303,2017,2,80,2,17,3798
03303,2018,2,80,3,36,3636
03303,2019,2,80,3,36,3482
03303,2020,2,80,2,28,3373
03303,2021,2,80,2,28,3203
03303,2022,2,80,2,28,3100
03303,2023,2,80,2,28,2956
03305,2010,2,100,5,41,12228
03305,2011,1,50,4,27,12303
03305,2012,2,123,9,138,12275
03305,2013,2,123,10,146,
03321,2010,2,102,1,30,8296
03321,2011,2,122,0,0,8315
03321,2012,2,122,1,14,8203
03321,2013,2,122,2,44,7980
03321,2014,3,122,2,34,7825
03321,2015,3,122,2,44,7601
03321,2016,3,122,3,58,7302
03321,2017,3,122,3,58,7112
03321,2018,3,122,3,58,6843
03321,2019,3,122,3,58,6713
03321,2020,3,122,4,77,6703
03321,2021,3,122,8,153,6512
03321,2022,3,122,7,134,6328
03321,2023,3,122,7,134,6085
03322,2010,1,87,4,60,5860
03322,2011,1,87,2,31,5886
03322,2012,1,87,4,60,5836
03322,2013,1,97,2,42,5743
03322,2014,1,97,4,64,5529
03322,2015,1,97,4,66,5444
03322,2016,1,97,3,44,5252
03322,2017,1,97,4,59,5183
03322,2018,1,97,6,103,5084
03322,2019,1,97,6,103,4969
03322,2020,1,97,6,103,4936
03322,2021,1,97,6,103,4829
03322,2022,1,97,7,116,4596
03322,2023,1,97,7,116,4421
03366,2010,2,104,1,7,1786
03366,2011,2,104,1,7,1728
03366,2012,2,104,1,7,1633
03366,2013,2,104,1,7,1521
03366,2014,2,104,1,7,1461
03366,2015,2,104,1,7,1387
03366,2016,2,104,1,7,1354
03366,2017,2,104,1,7,1226
03366,2018,2,104,1,7,1136
03366,2019,2,104,1,7,1099
03366,2020,2,102,1,7,1093
03366,2021,2,102,1,7,1050
03366,2022,2,102,1,7,988
03366,2023,2,102,1,7,949
03381,2010,2,82,0,0,4207
03381,2011,2,82,0,0,4064
03381,2012,2,82,8,60,3929
03381,2013,2,82,8,60,3649
03381,2014,2,82,8,60,3548
03381,2015,2,82,8,60,3401
03381,2016,2,82,8,60,3261
03381,2017,2,82,8,60,3178
03381,2018,2,82,8,60,3030
03381,2019,2,82,8,60,2946
03381,2020,2,82,8,60,2864
03381,2021,2,82,8,60,2771
03381,2022,2,82,6,50,2676
03381,2023,2,82,6,51,2618
03402,2010,1,52,0,0,2430
03402,2011,1,52,0,0,2397
03402,2012,1,52,0,0,2318
03402,2013,1,52,1,5,2225
03402,2014,1,52,0,0,2149
03402,2015,1,52,1,5,2060
03402,2016,1,52,0,0,1966
03402,2017,1,52,0,0,1870
03402,2018,1,50,0,0,1800
03402,2019,1,50,0,0,1773
03402,2020,1,50,0,0,1704
03402,2021,1,50,0,0,1652
03402,2022,1,50,0,0,1581
03402,2023,1,50,0,0,1520
03422,2010,1,87,0,0,2711
03441,2010,1,52,0,0,1956
03441,2011,1,52,0,0,1931
03441,2012,1,52,0,0,1805
03441,2013,1,52,0,0,1690
03441,2014,1,52,0,0,1570
03441,2015,1,70,0,0,1494
03441,2016,1,70,0,0,1398
03441,2017,1,70,0,0,1319
03441,2018,1,70,0,0,1266
03441,2019,1,70,0,0,1201
03441,2020,1,70,0,0,1172
03441,2021,1,70,0,0,1150
03441,2022,1,70,0,0,1130
03441,2023,1,70,0,0,1069
03461,2010,2,110,0,0,4917
03461,2011,2,110,0,0,4625
03461,2012,2,110,0,0,4050
03461,2013,2,110,0,0,3760
03461,2014,2,110,0,0,3627
03461,2015,2,110,0,0,3485
03461,2016,2,110,0,0,3383
03461,2017,2,110,0,0,3257
03461,2018,2,110,0,0,3078
03461,2019,2,110,0,0,2997
03461,2020,2,110,0,0,2974
03461,2021,2,110,0,0,2813
03461,2022,2,110,0,0,2652
03461,2023,2,110,0,0,2542
03482,2010,1,100,0,0,7731
03482,2011,1,100,0,0,7348
03482,2012,1,100,0,0,6918
03482,2013,1,100,0,0,6464
03482,2014,1,100,0,0,6006
03482,2015,1,100,0,0,5587
03482,2016,1,100,0,0,5198
03482,2017,1,100,0,0,4900
03482,2018,1,100,0,0,4611
03482,2019,1,90,0,0,4434
03482,2020,1,90,0,0,4313
03482,2021,1,90,0,0,4164
03482,2022,1,90,0,0,3925
03482,2023,1,85,0,0,3692
03483,2010,0,0,0,0,3870
03483,2011,1,70,0,0,3666
03483,2012,1,110,0,0,3423
03483,2013,0,0,0,0,3215
03483,2014,0,0,0,0,2996
03483,2015,0,0,0,0,2827
03483,2016,0,0,0,0,2663
03483,2017,1,110,0,0,2505
03483,2018,1,110,0,0,2404
03483,2019,1,110,0,0,2303
03483,2020,1,110,0,0,2255
03483,2021,1,110,0,0,2201
03483,2022,1,110,0,0,2107
03483,2023,1,110,0,0,2006
03484,2010,1,50,0,0,1459
03484,2011,1,50,0,0,1378
03484,2012,1,50,0,0,1263
03484,2013,1,50,0,0,1260
03484,2014,1,50,0,0,1202
03484,2015,1,50,0,0,1142
03484,2016,1,50,0,0,1121
03484,2017,1,50,0,0,1074
03484,2018,1,50,0,0,1024
03484,2019,1,50,0,0,932
03484,2020,1,50,0,0,940
03484,2021,1,50,0,0,924
03484,2022,1,50,0,0,825
03484,2023,1,50,0,0,783
03485,2010,1,50,0,0,1394
03485,2011,1,50,0,0,1313
03485,2012,1,80,0,0,1238
03485,2013,1,80,0,0,1169
03485,2014,1,80,0,0,1072
03485,2015,1,80,0,0,1043
03485,2016,1,80,0,0,960
03485,2017,1,80,0,0,928
03485,2018,1,80,0,0,871
03485,2019,1,80,0,0,844
03485,2020,1,80,0,0,818
03485,2021,1,80,0,0,789
03485,2022,1,80,0,0,734
03485,2023,1,80,0,0,720
03501,2010,2,80,0,0,4328
03501,2011,2,80,0,0,4127
03501,2012,2,80,0,0,3826
03501,2013,2,80,0,0,3607
03501,2014,2,80,0,0,3456
03501,2015,2,80,0,0,3231
03501,2016,2,80,0,0,3014
03501,2017,2,80,0,0,2823
03501,2018,2,80,0,0,2666
03501,2019,2,80,0,0,2544
03501,2020,2,84,0,0,2467
03501,2021,2,84,0,0,2377
03501,2022,2,84,0,0,2276
03501,2023,2,84,0,0,2168
03503,2010,1,50,0,0,1965
03503,2011,1,50,0,0,1892
03503,2012,1,50,0,0,1655
03503,2013,1,50,0,0,1583
03503,2014,1,50,0,0,1474
03503,2015,1,50,0,0,1396
03503,2016,1,50,0,0,1302
03503,2017,1,50,0,0,1198
03503,2018,1,50,0,0,1143
03503,2019,1,50,0,0,1135
03503,2020,1,50,0,0,1095
03503,2021,1,50,0,0,1083
03503,2022,1,50,0,0,1049
03503,2023,1,50,0,0,1040
03506,2010,1,82,0,0,2391
03506,2011,1,82,0,0,2292
03506,2012,1,82,1,6,2196
03506,2013,1,82,2,17,2069
03506,2014,1,62,2,17,1973
03506,2015,1,62,2,17,1849
03506,2016,1,62,2,19,1779
03506,2017,1,62,2,19,1703
03506,2018,1,62,2,19,1655
03506,2019,1,62,2,19,1562
03506,2020,1,62,2,19,1569
03506,2021,1,62,2,23,1530
03506,2022,1,62,2,23,1444
03506,2023,1,62,2,23,1359
03507,2010,2,125,1,15,8554
03507,2011,2,125,1,15,8162
03507,2012,2,125,1,15,7758
03507,2013,2,125,1,15,7300
03507,2014,2,125,1,15,6843
03507,2015,2,125,1,15,6275
03507,2016,2,125,0,0,5789
03507,2017,2,125,0,0,5257
03507,2018,2,125,1,15,4961
03507,2019,2,125,1,15,4722
03507,2020,2,125,1,15,4596
03507,2021,2,125,1,15,4461
03507,2022,2,125,1,15,4270
03507,2023,2,125,1,15,4001
03524,2010,1,70,2,29,5105
03524,2011,1,70,3,40,4914
03524,2012,1,74,3,40,4652
03524,2013,1,74,3,40,4384
03524,2014,1,60,3,40,4118
03524,2015,1,60,3,40,3909
03524,2016,1,60,3,40,3773
03524,2017,1,60,3,40,3541
03524,2018,1,60,2,31,3349
03524,2019,1,60,2,31,3190
03524,2020,1,60,2,31,3134
03524,2021,1,60,2,31,2988
03524,2022,1,60,2,31,2818
03524,2023,1,60,2,31,2701
